-- phpMyAdmin SQL Dump
-- version 5.2.1
-- https://www.phpmyadmin.net/
--
-- Hôte : 127.0.0.1:3306
-- Généré le : jeu. 30 mai 2024 à 05:30
-- Version du serveur : 8.2.0
-- Version de PHP : 8.2.13

SET SQL_MODE = "NO_AUTO_VALUE_ON_ZERO";
START TRANSACTION;
SET time_zone = "+00:00";


/*!40101 SET @OLD_CHARACTER_SET_CLIENT=@@CHARACTER_SET_CLIENT */;
/*!40101 SET @OLD_CHARACTER_SET_RESULTS=@@CHARACTER_SET_RESULTS */;
/*!40101 SET @OLD_COLLATION_CONNECTION=@@COLLATION_CONNECTION */;
/*!40101 SET NAMES utf8mb4 */;

--
-- Base de données : `restaurant`
--

-- --------------------------------------------------------

--
-- Structure de la table `client`
--

DROP TABLE IF EXISTS `client`;
CREATE TABLE IF NOT EXISTS `client` (
  `id_client` int NOT NULL AUTO_INCREMENT,
  `email` varchar(30) NOT NULL,
  `nom` varchar(20) NOT NULL,
  `prenom` varchar(20) NOT NULL,
  `telephone` int NOT NULL,
  `mot_de_passe` varchar(20) NOT NULL,
  `ville` varchar(50) NOT NULL,
  `type` varchar(20) NOT NULL,
  `pays` varchar(100) NOT NULL,
  `url` varchar(100) NOT NULL,
  PRIMARY KEY (`id_client`)
) ENGINE=MyISAM AUTO_INCREMENT=619 DEFAULT CHARSET=utf8mb4 COLLATE=utf8mb4_0900_ai_ci;

--
-- Déchargement des données de la table `client`
--

INSERT INTO `client` (`id_client`, `email`, `nom`, `prenom`, `telephone`, `mot_de_passe`, `ville`, `type`, `pays`, `url`) VALUES
(11, 'alexloganne@gmail', 'TCHONDOLE', 'ALEX LOGANNE', 2147483647, '1234', 'Bafoussam', 'client', 'cameroun', 'Riz sauceTomate.jpg'),
(10, 'tchajip@gmail.com', 'TCHAJIP', 'CABREL', 693837364, '1234', 'bafoussam', 'client', 'CAMEROUN', 'Riz sauceTomate.jpg'),
(9, 'paul@gmail.com', 'wabo ', 'Paul', 213461788, '1234', 'jfdnbkdf', 'client', 'GUINEE', 'PouletDj.jpg'),
(8, 'Fotie@gmail.com', 'FOTIE', 'ELIE', 677435421, '1234', 'Douala', 'client', 'CAMEROUN', 'pexels-life-of-pix-67468.jpg'),
(12, 'mnm@gmail.com', 'hfhg', 'm,n,m', 6839934, '1234', 'Bafoussam', 'client', 'cameroun', 'Riz sauceTomate.jpg'),
(13, 'sddf@gmail.com', 'dfg', 'dfg', 123123123, '1234', 'Bandjoun', 'client', 'cameroun', 'sandiwdch.jpg'),
(14, 'bricetchamou@gmail.com', 'brice', 'tchamou', 694574356, '1234', 'Bafoussam', 'client', 'CAMEROUN', 'okok.jpg'),
(15, 'briceJDKFS@gmail.com', 'KJBFKJSD', 'JDFBDSJH', 2147483647, '1234', 'DOUALA', 'client', 'CAMEROUN', 'ndole.jpeg'),
(16, 'bricefotso@gmail.com', 'FOTSO', 'BRICE', 690356785, '1234', 'douala', 'client', 'cameroun', 'puree.jpg'),
(17, 'ortiz.gerry@lakin.com', 'Agnes', 'Gutmann', 97775, 'ySK%vXo$}o<23wIx1', 'Whitemouth', 'Ullrich', 'China', 'https://lorempixel.com/50/50/'),
(18, 'molly.schowalter@gmail.com', 'Olaf', 'Hamill', 43683, '|PZS/Z4pypP0I)J', 'Zulaufstad', 'Walsh', 'Kirlin', 'https://lorempixel.com/50/50/'),
(19, 'tcorwin@yahoo.com', 'Genesis', 'Wolff', 2040, '?D\"#gfc`6Nv9', 'East Hilda', 'Oberbrunner', 'Beatty', 'Lon'),
(20, 'kbauch@lehner.com', 'Jamal', 'Spinka', 518767, 'Destiny', 'North Candice', 'Swift', 'Marvin', 'Silas'),
(21, 'mcdermott.rosella@rice.biz', 'Trinity', 'Moore', 525, 'Savannah', 'Monahanview', 'Toy', 'Murray', 'Jayden'),
(22, 'syble47@mayer.biz', 'Nikolas', 'Cartwright', 518, 'Zander', 'West Teagan', 'Jakubowski', 'Bartoletti', 'Alivia'),
(23, 'bergstrom.lilian@hotmail.com', 'Stephen', 'Jerde', 7859, 'Amie', 'West Jairoton', 'Nicolas', 'Ankunding', 'Spencer'),
(24, 'adrien67@gmail.com', 'Hollie', 'Hirthe', 50, 'Carmella', 'Zulaufport', 'Douglas', 'Osinski', 'Kennedi'),
(25, 'sporer.else@hotmail.com', 'Aiyana', 'Keeling', 45029, 'Alf', 'Chelseafurt', 'Kerluke', 'Harber', 'Isadore'),
(26, 'ankunding.nathanael@jerde.biz', 'Camila', 'Mayer', 431854, 'Ettie', 'New Jeannemouth', 'Reichel', 'Cormier', 'Cleora'),
(27, 'feffertz@runolfsdottir.biz', 'Adolf', 'Corkery', 3205982, 'Cleo', 'West Tristianland', 'Beier', 'Gusikowski', 'Cornelius'),
(28, 'myrna28@pfannerstill.info', 'Dewitt', 'Rempel', 959249227, 'Cheyanne', 'Leopoldtown', 'Tillman', 'Swift', 'Kyler'),
(29, 'wilburn.nicolas@rice.info', 'Abbie', 'Harber', 846, 'Ward', 'Lake Lavadachester', 'Koepp', 'Miller', 'Carlie'),
(30, 'ykutch@hotmail.com', 'Casper', 'Kerluke', 86783, 'Deon', 'Clydeview', 'Waelchi', 'Gleason', 'Meggie'),
(31, 'adelle.rutherford@gmail.com', 'Crawford', 'Feest', 4, 'Abelardo', 'Rollinbury', 'Koch', 'Howe', 'Kenny'),
(32, 'lois.haag@mraz.info', 'Tristian', 'Auer', 181, 'Toy', 'Elmiraland', 'Beier', 'Pfannerstill', 'Willis'),
(33, 'pdonnelly@muller.info', 'Meagan', 'Lang', 3704, 'Adonis', 'Kovacekmouth', 'Tillman', 'Morissette', 'Barbara'),
(34, 'abbey.jast@fadel.com', 'Kaylee', 'Sipes', 101737, 'Arvel', 'Tedstad', 'Langworth', 'Bechtelar', 'Rebeca'),
(35, 'cletus82@roob.com', 'Leonor', 'Kassulke', 5318, 'Gaylord', 'South Lenora', 'Herman', 'Pouros', 'Jeanne'),
(36, 'armand91@jacobi.org', 'Gilda', 'Bechtelar', 922, 'Victoria', 'West Valentina', 'Sawayn', 'Vandervort', 'Ashly'),
(37, 'bbecker@veum.net', 'Lloyd', 'Dibbert', 20200, 'Keshaun', 'Prosaccoborough', 'Murphy', 'Reynolds', 'Marcelina'),
(38, 'sdooley@hotmail.com', 'Mathias', 'Emard', 335, 'Hettie', 'New Elisa', 'Murray', 'Rodriguez', 'Eric'),
(39, 'germaine.miller@yahoo.com', 'Fatima', 'Tromp', 18393069, 'Matt', 'Port Edgar', 'Schuster', 'Leuschke', 'Bette'),
(40, 'chelsie87@gmail.com', 'Jovanny', 'Mante', 9, 'Modesto', 'Connellyview', 'Williamson', 'Schamberger', 'Stephon'),
(41, 'ukerluke@torp.com', 'Aniyah', 'Stehr', 4435, 'Kassandra', 'Albafort', 'Vandervort', 'Wilkinson', 'Minerva'),
(42, 'jaycee02@hotmail.com', 'Pedro', 'Halvorson', 738, 'Janet', 'Gibsonton', 'Rohan', 'Huel', 'Gwendolyn'),
(43, 'dgoodwin@hotmail.com', 'Rachelle', 'Champlin', 5832445, 'Danika', 'East Roberta', 'Roberts', 'Volkman', 'Laney'),
(44, 'filomena.koch@windler.com', 'Daniela', 'Reichel', 34835, 'Garett', 'North Lou', 'Dicki', 'Beier', 'Newton'),
(45, 'norwood61@gmail.com', 'Tobin', 'Jacobi', 1866, 'Lorena', 'Johnstonview', 'Hamill', 'Stamm', 'Raheem'),
(46, 'kohler.taryn@yahoo.com', 'Marjolaine', 'Zulauf', 60006, 'Waylon', 'Alejandramouth', 'Bode', 'Reichert', 'Frederik'),
(47, 'raleigh.wisozk@koelpin.com', 'Cruz', 'Brown', 60320, 'Garnett', 'Jessyshire', 'Miller', 'Kub', 'Eliezer'),
(48, 'selena.thompson@ortiz.com', 'Karelle', 'Heidenreich', 154, 'Anastacio', 'Lake Mylesshire', 'Satterfield', 'Hahn', 'Jovan'),
(49, 'trever80@yahoo.com', 'Meggie', 'Casper', 46049, 'Van', 'Heloisefurt', 'Watsica', 'Crist', 'Leonie'),
(50, 'toney67@kuhn.info', 'Percy', 'Larson', 3, 'Parker', 'Brownfurt', 'Walter', 'Sporer', 'Jana'),
(51, 'ubechtelar@hotmail.com', 'Jaron', 'Wyman', 770170, 'Natasha', 'West Jazmin', 'Bauch', 'Cruickshank', 'Shakira'),
(52, 'aufderhar.osbaldo@yahoo.com', 'Eunice', 'Mann', 938, 'Braulio', 'East Peggiefurt', 'Parisian', 'Abshire', 'Jadon'),
(53, 'zkovacek@hotmail.com', 'Ruthie', 'Will', 790, 'Chad', 'West Caseystad', 'Hegmann', 'Mayert', 'Nasir'),
(54, 'mccullough.frederick@gmail.com', 'Mike', 'Kerluke', 1373005, 'Domenica', 'East Gustaveland', 'Eichmann', 'Turner', 'Llewellyn'),
(55, 'mable.kulas@simonis.org', 'Ollie', 'Zemlak', 85081, 'Meagan', 'North Jacynthe', 'Bruen', 'Jacobs', 'Catherine'),
(56, 'lennie52@boyle.net', 'Benjamin', 'Fay', 9307648, 'Xavier', 'Kendraview', 'Balistreri', 'Jakubowski', 'Vincenzo'),
(57, 'ramiro.jacobi@mitchell.net', 'Murphy', 'Carter', 36376769, 'Jeremy', 'Lake Shea', 'Botsford', 'Bartoletti', 'Desiree'),
(58, 'marisol14@abshire.com', 'Isaias', 'Connelly', 6087, 'Blaise', 'West Jarrett', 'Jenkins', 'Jerde', 'Enid'),
(59, 'maynard.muller@gmail.com', 'Madalyn', 'Fisher', 4994349, 'Aurelie', 'South Janicefort', 'Weber', 'Blanda', 'Caesar'),
(60, 'dora04@yahoo.com', 'Taylor', 'Koelpin', 286, 'Derrick', 'East Kathryn', 'Ullrich', 'Hartmann', 'Jamel'),
(61, 'tillman.evans@hotmail.com', 'Kristofer', 'Kutch', 87473660, 'Brando', 'Port Adonis', 'Beatty', 'Larson', 'Donald'),
(62, 'mohamed14@hotmail.com', 'Princess', 'Collins', 32771898, 'Hershel', 'North Raleightown', 'Jenkins', 'Kilback', 'Rosario'),
(63, 'angie00@mclaughlin.com', 'Federico', 'Rolfson', 935732, 'Clotilde', 'Lake Juvenalbury', 'Stracke', 'Feest', 'Maye'),
(64, 'carissa.cummings@gmail.com', 'Amari', 'Stark', 729276, 'Katherine', 'Lake Queeniemouth', 'Stamm', 'Roberts', 'Reginald'),
(65, 'waelchi.clare@yahoo.com', 'Ottilie', 'Willms', 3665027, 'Deion', 'South Petraport', 'Goldner', 'Haley', 'Roy'),
(66, 'rdaugherty@mclaughlin.org', 'Maya', 'Abernathy', 29706, 'Billie', 'South Arturoburgh', 'West', 'Krajcik', 'Braulio'),
(67, 'pmcdermott@oconnell.org', 'Clementine', 'Hand', 94929079, 'Laurence', 'East Makaylahaven', 'Russel', 'Little', 'Marion'),
(68, 'polly04@macejkovic.net', 'Blanca', 'Herman', 9837920, 'London', 'North Tianna', 'Morar', 'Skiles', 'Shane'),
(69, 'abigale.bartoletti@toy.org', 'Vicenta', 'Watsica', 391, 'Eric', 'Trentonmouth', 'Dare', 'Leuschke', 'Mossie'),
(70, 'jaskolski.kirk@hotmail.com', 'Johanna', 'Kshlerin', 963, 'Elisabeth', 'Port Patrickberg', 'Abbott', 'Durgan', 'Terrell'),
(71, 'hamill.maud@heller.org', 'Avery', 'Huel', 72, 'Davon', 'North Nathanaelview', 'Reilly', 'Cole', 'Connor'),
(72, 'hboehm@yahoo.com', 'Cleve', 'Buckridge', 71578880, 'Lupe', 'Annafort', 'Senger', 'Mann', 'Chelsey'),
(73, 'mcdermott.raheem@bailey.com', 'Carlo', 'Mayer', 2, 'Trudie', 'Dietrichport', 'Gutkowski', 'Wunsch', 'Gracie'),
(74, 'davis.gregory@gmail.com', 'Cristian', 'Morissette', 3, 'Zora', 'Annetteville', 'Bergstrom', 'Ondricka', 'Merlin'),
(75, 'fahey.kennith@gmail.com', 'Prudence', 'Swift', 460198, 'Ruth', 'Auerfurt', 'Klein', 'Mohr', 'Marlee'),
(76, 'wintheiser.merle@lehner.com', 'Zoila', 'Rutherford', 6, 'Dane', 'Camylleville', 'Smitham', 'Dare', 'Helga'),
(77, 'kuphal.buck@hotmail.com', 'Trycia', 'Rolfson', 244, 'Janelle', 'New Irwinmouth', 'Robel', 'Jacobi', 'Walker'),
(78, 'marge85@towne.biz', 'Meaghan', 'Sanford', 97085076, 'Frankie', 'Runteside', 'Lockman', 'Gutmann', 'Kiara'),
(79, 'schulist.elnora@gmail.com', 'Allison', 'Dicki', 265, 'Patience', 'Lake Hayden', 'Pacocha', 'Dach', 'Pat'),
(80, 'emanuel09@hotmail.com', 'Bret', 'Goyette', 7040008, 'Thea', 'Lake Juana', 'Flatley', 'Daugherty', 'Willie'),
(81, 'rodriguez.zoey@hotmail.com', 'Adella', 'Kreiger', 35, 'Gennaro', 'East Josiane', 'Krajcik', 'Pagac', 'Ana'),
(82, 'akeem.feeney@gmail.com', 'Kristy', 'Collier', 3609, 'Isabell', 'Kreigermouth', 'Hirthe', 'Gibson', 'Reid'),
(83, 'ada33@miller.biz', 'Stanley', 'Little', 89857, 'Silas', 'South Milanchester', 'Kulas', 'Rau', 'Enos'),
(84, 'reese16@swaniawski.com', 'Ken', 'Roberts', 4672540, 'Ova', 'Monahanburgh', 'Dickinson', 'Hayes', 'Zackery'),
(85, 'rosa.davis@gmail.com', 'Mia', 'Jones', 647091488, 'Orlando', 'North Shaniaview', 'Runolfsson', 'Breitenberg', 'Layla'),
(86, 'ngottlieb@gottlieb.com', 'Ardella', 'Heaney', 222932, 'Leanne', 'Rodrickhaven', 'Kohler', 'Armstrong', 'Carlotta'),
(87, 'gerlach.maryjane@yahoo.com', 'Clarabelle', 'Koelpin', 29197211, 'Madison', 'Kossmouth', 'Hoppe', 'Ferry', 'Aubrey'),
(88, 'alda60@berge.com', 'Buddy', 'Kertzmann', 6, 'Leta', 'South Terryborough', 'Collier', 'Stanton', 'Agnes'),
(89, 'genesis.buckridge@hotmail.com', 'Aleen', 'Hauck', 2107016, 'Antone', 'Alexzandermouth', 'Boehm', 'Harber', 'Blaise'),
(90, 'bridie60@gmail.com', 'Tania', 'Lowe', 512403626, 'Graciela', 'Hoppefort', 'Olson', 'Parker', 'Abbigail'),
(91, 'mfay@gmail.com', 'Leilani', 'Beahan', 420663712, 'Myrtie', 'Auermouth', 'Bartell', 'Bergnaum', 'Nels'),
(92, 'candida89@reichel.biz', 'Cooper', 'Cronin', 7485, 'Ewald', 'North Mathilde', 'Mitchell', 'Hansen', 'Tiana'),
(93, 'ylarkin@klocko.net', 'Vincent', 'Kessler', 69970, 'Noah', 'East Crystel', 'Konopelski', 'Dach', 'Barton'),
(94, 'jaylon.oberbrunner@hickle.info', 'Darby', 'Nitzsche', 8151742, 'Elton', 'Lake Tamarahaven', 'Wilderman', 'Bosco', 'Bernadine'),
(95, 'felicity.weimann@powlowski.com', 'Norma', 'Glover', 81, 'Baylee', 'Louberg', 'Wuckert', 'Jacobson', 'Cecile'),
(96, 'freida.quigley@yahoo.com', 'Okey', 'Walsh', 249, 'Rene', 'West Annabel', 'Pouros', 'McGlynn', 'Melissa'),
(97, 'annamarie.sipes@hotmail.com', 'Thea', 'Casper', 2648, 'Ricardo', 'East Majorside', 'Gusikowski', 'Runolfsdottir', 'Colton'),
(98, 'palma83@hotmail.com', 'Wilbert', 'Mayer', 277869445, 'Jorge', 'Port Brandon', 'Mueller', 'Collier', 'Enos'),
(99, 'xwillms@hotmail.com', 'Lesley', 'Crist', 233, 'Marcelo', 'Lelaborough', 'Nitzsche', 'Marvin', 'Trycia'),
(100, 'maymie55@hotmail.com', 'Germaine', 'Zulauf', 14246549, 'Chanelle', 'New Jimmiestad', 'Howe', 'Streich', 'Neoma'),
(101, 'jakob05@moen.info', 'Letha', 'Turcotte', 809385658, 'Mauricio', 'Mattside', 'Rosenbaum', 'Schulist', 'Caitlyn'),
(102, 'gladyce10@yahoo.com', 'Lucie', 'White', 25, 'Amani', 'East Randal', 'Skiles', 'Conn', 'Darryl'),
(103, 'maggie.johnson@kutch.com', 'Loren', 'Lakin', 944552615, 'Petra', 'Javonstad', 'Turner', 'Keeling', 'Adelbert'),
(104, 'tyrell69@shields.com', 'Mabel', 'Douglas', 3181, 'Maxwell', 'Deborahburgh', 'Klocko', 'Schmeler', 'Chyna'),
(105, 'macejkovic.conor@weber.com', 'Ibrahim', 'Erdman', 3533, 'Randal', 'Armandoburgh', 'Gulgowski', 'Ruecker', 'Alvena'),
(106, 'lloyd13@hills.org', 'Hertha', 'Sawayn', 34583, 'Janis', 'Beckerport', 'Hauck', 'Parker', 'Myriam'),
(107, 'rdeckow@hotmail.com', 'Elna', 'Barrows', 719813, 'Kathleen', 'Humbertoville', 'Durgan', 'Dooley', 'Aleen'),
(108, 'selena.paucek@fisher.org', 'Audreanne', 'Mosciski', 7242277, 'Virgie', 'Sanfordland', 'Goldner', 'Hoppe', 'Santino'),
(109, 'weimann.ardella@kris.org', 'Lyla', 'Davis', 7375, 'Elmira', 'West Javonborough', 'Quitzon', 'Emard', 'Evans'),
(110, 'lakin.alize@lemke.com', 'Nedra', 'Hirthe', 99136450, 'Vicente', 'Jarretbury', 'Jenkins', 'Corwin', 'Claudine'),
(111, 'lacey.brakus@mante.net', 'Geraldine', 'Beatty', 5577, 'Chesley', 'Ralphton', 'Yost', 'Waelchi', 'Marlen'),
(112, 'heaney.melyssa@yahoo.com', 'Leatha', 'Koss', 712, 'Stuart', 'Lake Joany', 'Bartell', 'Keebler', 'Madaline'),
(113, 'npredovic@kilback.com', 'Eugenia', 'Gulgowski', 304940609, 'Anabelle', 'Royborough', 'Reichert', 'Wehner', 'Finn'),
(114, 'lueilwitz.leola@yahoo.com', 'Sasha', 'Rutherford', 313610000, 'Drew', 'South Arturo', 'Huels', 'Treutel', 'Aryanna'),
(115, 'fisher.hilma@hotmail.com', 'Josefina', 'McCullough', 80, 'Frida', 'Clementfort', 'Considine', 'Howe', 'Emmanuel'),
(116, 'awilliamson@wolf.org', 'Florence', 'Koelpin', 95091108, 'Veronica', 'New Werner', 'Ratke', 'Lynch', 'Jerod'),
(117, 'rodriguez.gardner@yahoo.com', 'Sigmund', 'Wolf', 54601043, 'Jerrod', 'North Aurelioville', 'Kunde', 'Kirlin', 'Josiane'),
(118, 'dickinson.glen@lesch.com', 'Jessica', 'Schmitt', 2688158, 'Maybell', 'Finnton', 'Paucek', 'Mante', 'Enoch'),
(119, 'margarete28@wuckert.com', 'Marianne', 'Schoen', 4818794, 'Aurelia', 'New Arvilla', 'Armstrong', 'Shields', 'Trudie'),
(120, 'hamill.cecile@gmail.com', 'Marge', 'Balistreri', 56, 'Johnpaul', 'Howefurt', 'Hills', 'Howell', 'Gabriel'),
(121, 'braun.foster@gmail.com', 'Deontae', 'Hodkiewicz', 27756086, 'Keagan', 'East Madilynfort', 'Swaniawski', 'Dickens', 'Dulce'),
(122, 'rogahn.vivianne@gmail.com', 'Armani', 'Price', 536436719, 'Jade', 'West Juniormouth', 'Mertz', 'Greenholt', 'Cleta'),
(123, 'asia.abernathy@mraz.net', 'Evans', 'Abshire', 602, 'Sheridan', 'New Mae', 'Kirlin', 'Maggio', 'Sydnie'),
(124, 'pmante@johns.com', 'Rodrigo', 'Cole', 1, 'Eda', 'Port Ofelia', 'Cole', 'Gerlach', 'Natasha'),
(125, 'williamson.stone@schiller.biz', 'Stephania', 'Fritsch', 2949249, 'Kavon', 'Rudolphton', 'Mraz', 'Huels', 'Billy'),
(126, 'king.mills@yahoo.com', 'Rosella', 'Wiegand', 974752, 'Gregoria', 'Lake Isac', 'Marvin', 'Smith', 'Chelsey'),
(127, 'collier.marcelo@yahoo.com', 'Zachary', 'Gaylord', 9767268, 'Cary', 'Wuckertborough', 'Tremblay', 'Schroeder', 'Bertram'),
(128, 'marques.dare@halvorson.info', 'Laurine', 'Wyman', 62348027, 'Ismael', 'Dashawnberg', 'Hintz', 'Bernhard', 'Jules'),
(129, 'macejkovic.aurelio@yahoo.com', 'Maximilian', 'Schumm', 554838, 'Libbie', 'Port Alice', 'Abernathy', 'Will', 'Hannah'),
(130, 'terrance.koch@steuber.com', 'Modesta', 'Bernhard', 47, 'Elijah', 'Kochview', 'Nitzsche', 'Ledner', 'Oceane'),
(131, 'lauriane48@goodwin.com', 'Griffin', 'Kris', 3, 'Zane', 'Runtetown', 'Tillman', 'Ryan', 'Caden'),
(132, 'kris.alford@zieme.com', 'Jayme', 'Hermiston', 2842, 'Emmitt', 'North Erikaburgh', 'Ferry', 'Turner', 'Alicia'),
(133, 'jgislason@gmail.com', 'Aimee', 'Gerlach', 792526, 'Danial', 'South Clovismouth', 'Kihn', 'McDermott', 'Carmen'),
(134, 'nstracke@hotmail.com', 'Sophie', 'Davis', 839422549, 'Joanne', 'Littlefort', 'Paucek', 'Lockman', 'Clotilde'),
(135, 'ullrich.peter@hotmail.com', 'Assunta', 'Pagac', 1308854, 'Camila', 'North Dolly', 'Hoppe', 'Hettinger', 'Brenna'),
(136, 'miles49@gleichner.org', 'Kamryn', 'Swaniawski', 567224, 'Monty', 'New Peggiechester', 'Hackett', 'Hodkiewicz', 'Kelsi'),
(137, 'lily56@boyle.info', 'Gabriel', 'Ledner', 7171, 'Adrianna', 'Esthermouth', 'Schaden', 'Toy', 'Zola'),
(138, 'lauretta87@kassulke.com', 'Emmett', 'Emmerich', 454, 'Titus', 'Gislasonburgh', 'Blanda', 'Wiza', 'Malika'),
(139, 'randi28@schneider.info', 'Hector', 'Eichmann', 847, 'Rosario', 'Purdymouth', 'Glover', 'Larson', 'Allen'),
(140, 'unienow@mclaughlin.org', 'Alessia', 'Haley', 85212304, 'Alvis', 'Gradyland', 'Howell', 'Kessler', 'Isabell'),
(141, 'mstehr@yahoo.com', 'Mozell', 'Labadie', 5181131, 'Karli', 'Marksside', 'Jacobson', 'Lindgren', 'Torrey'),
(142, 'tad.anderson@hotmail.com', 'Nathan', 'Schuster', 10968, 'Dylan', 'East Oletaburgh', 'Hammes', 'Ebert', 'Emmitt'),
(143, 'schimmel.dallas@hotmail.com', 'Isom', 'Hahn', 397, 'Rodger', 'Rafaelborough', 'King', 'Schulist', 'Lorna'),
(144, 'odenesik@hotmail.com', 'Icie', 'Dicki', 82, 'Billy', 'Lake Alexborough', 'Maggio', 'Konopelski', 'Esteban'),
(145, 'wrenner@schuppe.biz', 'Nina', 'Leffler', 88982988, 'Gardner', 'Dorrismouth', 'Grimes', 'Aufderhar', 'Adelia'),
(146, 'fay.davion@weimann.biz', 'Marjolaine', 'Feeney', 8, 'Linda', 'New Alejandrin', 'Casper', 'Wunsch', 'Delphine'),
(147, 'camille37@rath.com', 'Benny', 'Koch', 777359299, 'Dario', 'Elroybury', 'Langworth', 'Larson', 'Else'),
(148, 'uwyman@yahoo.com', 'Floy', 'Kuvalis', 8, 'Lisa', 'New Chaddview', 'Marquardt', 'Macejkovic', 'Anna'),
(149, 'spinka.aurore@gmail.com', 'Pearlie', 'Lehner', 6748, 'Johnny', 'East Preston', 'Lockman', 'Jacobson', 'Jed'),
(150, 'vallie.ondricka@halvorson.net', 'Jonathon', 'Will', 4, 'Olaf', 'West Maximilianburgh', 'Harvey', 'Kessler', 'Leta'),
(151, 'ramona90@gmail.com', 'Benny', 'Cremin', 114975, 'Johanna', 'Port Juvenal', 'Littel', 'Huels', 'Madelynn'),
(152, 'theresia.zemlak@gmail.com', 'Shayna', 'Harvey', 172873130, 'Willy', 'Laylastad', 'Kuvalis', 'Kuhic', 'Elias'),
(153, 'barrett84@hudson.org', 'Brice', 'Koelpin', 510639024, 'Hilma', 'Lake Weldontown', 'Rogahn', 'Denesik', 'Maximillian'),
(154, 'rickey11@yahoo.com', 'Orville', 'Bartoletti', 91498, 'Gabriella', 'Stefanbury', 'Little', 'Larkin', 'Earline'),
(155, 'block.issac@schultz.net', 'Hazel', 'Barton', 320181, 'Enola', 'New Floy', 'Lockman', 'Labadie', 'Jerald'),
(156, 'wpouros@oreilly.com', 'Howard', 'Jacobi', 52, 'Alene', 'Chrisfort', 'Olson', 'Hartmann', 'Rosemarie'),
(157, 'jovani13@gmail.com', 'Cruz', 'Pollich', 8816, 'Emma', 'Bogisichmouth', 'Schamberger', 'Nolan', 'Ellsworth'),
(158, 'ppadberg@rau.com', 'Armand', 'Huels', 16753253, 'Carlie', 'Boyleview', 'Hartmann', 'Runolfsdottir', 'Jaunita'),
(159, 'leora.yundt@gmail.com', 'Ella', 'Gulgowski', 39866, 'Antonia', 'Lilliebury', 'Mohr', 'Murray', 'Sean'),
(160, 'lilian40@aufderhar.com', 'Reta', 'Schuppe', 78, 'Christelle', 'Randyton', 'Rice', 'Cartwright', 'Marquis'),
(161, 'dturcotte@hotmail.com', 'Dock', 'Lowe', 12000070, 'Ora', 'Clairhaven', 'Auer', 'Treutel', 'Kathleen'),
(162, 'orrin20@yahoo.com', 'Camron', 'Prosacco', 297, 'Xzavier', 'Stehrmouth', 'Fritsch', 'Dach', 'Hellen'),
(163, 'runolfsson.micah@ernser.com', 'Otto', 'Hackett', 110, 'Filiberto', 'Corkeryhaven', 'Haag', 'Kautzer', 'Narciso'),
(164, 'gweissnat@hotmail.com', 'Arnold', 'Macejkovic', 3176127, 'River', 'South Kaitlynhaven', 'Conroy', 'Metz', 'Taya'),
(165, 'jaskolski.zula@hotmail.com', 'Rosetta', 'Rowe', 6, 'Brielle', 'Schillershire', 'Daniel', 'Nolan', 'Reagan'),
(166, 'dariana34@homenick.com', 'Allie', 'Sanford', 2548, 'King', 'Port Lilian', 'Blanda', 'Kemmer', 'Dejah'),
(167, 'lazaro.rosenbaum@hudson.net', 'Justen', 'Erdman', 3, 'Hailey', 'Port Helena', 'Cruickshank', 'Weber', 'Harry'),
(168, 'kiara.howe@wilkinson.com', 'Nathanial', 'Jacobson', 3733, 'Frederick', 'Champlinfurt', 'Altenwerth', 'Schamberger', 'Jordon'),
(169, 'bechtelar.trey@bartoletti.info', 'Scarlett', 'Wiza', 32118, 'Eudora', 'Ashtonport', 'Dicki', 'Hansen', 'Kaya'),
(170, 'vwilderman@hilpert.info', 'Maximilian', 'Klocko', 91, 'Myriam', 'Geoton', 'Ortiz', 'Murazik', 'Thomas'),
(171, 'liliane.goldner@yahoo.com', 'Melany', 'Zboncak', 77, 'Aurelia', 'East Miracleton', 'Gibson', 'Gulgowski', 'Kay'),
(172, 'malachi21@stehr.com', 'Randall', 'Quigley', 723353, 'Eloisa', 'New Harmonymouth', 'Nolan', 'Bashirian', 'Mabel'),
(173, 'wschuster@waelchi.org', 'Geovanni', 'Strosin', 82, 'Ulises', 'West Vicenta', 'Prosacco', 'Farrell', 'Marta'),
(174, 'izaiah.ortiz@white.com', 'Arden', 'Bauch', 31694, 'Hettie', 'East Wilsonside', 'Watsica', 'Vandervort', 'Collin'),
(175, 'bernardo.bogan@gmail.com', 'Adrienne', 'Considine', 410, 'Austen', 'Kaelafort', 'Blick', 'Ratke', 'Wilmer'),
(176, 'nolan.ivah@bashirian.org', 'Kellie', 'Wolff', 699800, 'Hassan', 'Lake Raymondtown', 'Hermiston', 'Jenkins', 'Sandy'),
(177, 'tschmeler@yahoo.com', 'Aylin', 'Marks', 31, 'Alek', 'Dwightfurt', 'Schultz', 'Ruecker', 'Yadira'),
(178, 'cole.jermey@hyatt.com', 'Emie', 'Daniel', 337426, 'Judge', 'Port Chrismouth', 'Satterfield', 'Littel', 'Bartholome'),
(179, 'ellsworth91@hotmail.com', 'Brooke', 'Cronin', 357659, 'Hunter', 'Runolfsdottirshire', 'Kunde', 'Moen', 'Mariela'),
(180, 'jacques.reilly@friesen.com', 'Mabelle', 'Christiansen', 24673, 'Friedrich', 'South Jimmie', 'Pouros', 'Stracke', 'Marques'),
(181, 'zieme.karley@pagac.com', 'Jarvis', 'Johnston', 9, 'Casandra', 'South Valentin', 'Cruickshank', 'Bauch', 'Nathanael'),
(182, 'jermaine.becker@muller.com', 'Erling', 'Huel', 8878, 'Ernie', 'Farrellton', 'Schimmel', 'Windler', 'Caitlyn'),
(183, 'dibbert.dortha@hotmail.com', 'Korbin', 'Jast', 38680, 'Brennon', 'Lake Nicklausbury', 'Medhurst', 'Friesen', 'Jackie'),
(184, 'kiehn.ole@hotmail.com', 'Shad', 'Shields', 3853432, 'Allie', 'Deckowville', 'Hudson', 'Paucek', 'Orville'),
(185, 'vwilderman@yahoo.com', 'Sim', 'Gleason', 410, 'Verona', 'Lake Alicia', 'Botsford', 'Kovacek', 'Tyreek'),
(186, 'hammes.marquise@yahoo.com', 'Reynold', 'Stokes', 45835473, 'Adam', 'New Federicohaven', 'Hermann', 'Mante', 'Marcella'),
(187, 'khackett@gerhold.com', 'Mathias', 'Thompson', 0, 'Justice', 'Port Deshaunstad', 'Gleason', 'Luettgen', 'Jeramy'),
(188, 'spencer.clyde@hotmail.com', 'Angelina', 'Hahn', 65960, 'Rashad', 'North Modestoberg', 'Feest', 'Bauch', 'Lon'),
(189, 'brandon17@gmail.com', 'Alfred', 'Batz', 2988773, 'Emmanuel', 'Daveville', 'Kuvalis', 'Olson', 'Cathryn'),
(190, 'hauck.maynard@king.com', 'Shane', 'Langosh', 70132, 'Emilio', 'North Luciusfort', 'Bernier', 'Hills', 'Una'),
(191, 'mcarter@spencer.com', 'Magali', 'Wehner', 4, 'Alanna', 'Port Beaulah', 'Purdy', 'Abernathy', 'Nina'),
(192, 'schinner.kaycee@hegmann.net', 'Josefa', 'Cole', 72750488, 'Martine', 'Brekkefort', 'Witting', 'Jacobs', 'Rhiannon'),
(193, 'bstehr@yahoo.com', 'Luis', 'Nolan', 25281, 'Hailie', 'New Jazmyn', 'Buckridge', 'Green', 'Emmet'),
(194, 'von.ona@schmidt.com', 'Melissa', 'Sawayn', 77658, 'Esta', 'Stehrbury', 'Bailey', 'Bernier', 'Martin'),
(195, 'kdietrich@bashirian.com', 'Brad', 'Jaskolski', 8, 'Camron', 'New Retta', 'Gottlieb', 'West', 'Mohamed'),
(196, 'dibbert.stevie@hotmail.com', 'Jacky', 'McGlynn', 82753, 'Koby', 'New Tyraburgh', 'Zulauf', 'Quitzon', 'Hildegard'),
(197, 'tremaine.brown@gmail.com', 'Josue', 'Heidenreich', 92319018, 'Walter', 'Laurettamouth', 'Schmitt', 'Powlowski', 'Joesph'),
(198, 'weston10@runte.com', 'Percival', 'Beier', 22532, 'Annabelle', 'Kundeburgh', 'Borer', 'Moen', 'Maribel'),
(199, 'keenan.gusikowski@yahoo.com', 'Dolly', 'Champlin', 649913, 'Clement', 'East Janick', 'Dibbert', 'Herman', 'Mathias'),
(200, 'lgusikowski@bayer.com', 'Aida', 'Graham', 2, 'Cedrick', 'Enosfort', 'Kunze', 'Cormier', 'Branson'),
(201, 'helene26@rogahn.net', 'Gerson', 'Morar', 64583597, 'Lexi', 'East Jabaribury', 'Torp', 'Leffler', 'Savannah'),
(202, 'alessandro.corwin@kemmer.org', 'Hallie', 'Block', 84, 'Antonina', 'East Taylor', 'Leannon', 'Friesen', 'Reva'),
(203, 'maurine.sipes@mertz.biz', 'Sofia', 'Morissette', 444, 'Name', 'South Hilda', 'Wisozk', 'Ferry', 'Clint'),
(204, 'miller.ana@yahoo.com', 'Jacky', 'Cassin', 6, 'Terrence', 'Alfmouth', 'Beatty', 'Haag', 'Grover'),
(205, 'lledner@gmail.com', 'Daija', 'Jerde', 94, 'Hank', 'Elbertshire', 'Turcotte', 'Eichmann', 'Russ'),
(206, 'mylene59@yahoo.com', 'Gracie', 'Murazik', 256, 'Spencer', 'South Percychester', 'Thompson', 'Beer', 'Adeline'),
(207, 'scot.parker@quitzon.com', 'Nikki', 'Cruickshank', 9, 'Gisselle', 'West Francochester', 'Hamill', 'Rodriguez', 'Nelda'),
(208, 'houston.ledner@gmail.com', 'Loy', 'Mitchell', 955549, 'Britney', 'Kasandraside', 'Kessler', 'Maggio', 'Pierre'),
(209, 'zieme.david@cole.com', 'Elliot', 'Reynolds', 4281566, 'Jailyn', 'North Ladarius', 'Walsh', 'Wilderman', 'Sage'),
(210, 'haley04@hotmail.com', 'Rosetta', 'Hills', 3058686, 'Helga', 'Auerberg', 'Purdy', 'Simonis', 'Hannah'),
(211, 'gjaskolski@gmail.com', 'Maiya', 'Mohr', 99733930, 'Maximilian', 'West Franco', 'Kessler', 'Nader', 'Albina'),
(212, 'lmraz@yahoo.com', 'Vivianne', 'Runolfsson', 2664971, 'Otis', 'Champlinshire', 'Predovic', 'Stokes', 'Ebba'),
(213, 'miracle79@dare.info', 'Koby', 'Mohr', 45672596, 'Waino', 'Emoryborough', 'Wisozk', 'Schinner', 'Noemy'),
(214, 'helena53@feil.com', 'Howell', 'Tromp', 683982201, 'Isaiah', 'Bergstromchester', 'Hackett', 'Hirthe', 'Eveline'),
(215, 'ziemann.bruce@hotmail.com', 'Kayley', 'Bogisich', 180000268, 'Camila', 'North Madelynn', 'Walter', 'Greenholt', 'Gail'),
(216, 'ritchie.weston@ruecker.biz', 'Lesly', 'Schumm', 8192, 'Brook', 'Watsicaside', 'Jerde', 'Abbott', 'Dahlia'),
(217, 'josefina.koss@bruen.com', 'Elizabeth', 'Walter', 244, 'Brent', 'South Juliannetown', 'Feil', 'Haley', 'Edward'),
(218, 'margarete.leuschke@wolf.com', 'Timmothy', 'Batz', 576, 'Amir', 'Kilbackside', 'Klein', 'Trantow', 'Cade'),
(219, 'trey29@yahoo.com', 'Cedrick', 'Pouros', 2, 'Joseph', 'Lake Arnulfo', 'Lockman', 'Gutkowski', 'Jaylin'),
(220, 'novella22@bartell.com', 'Max', 'Cartwright', 16, 'Kobe', 'Kelliside', 'Kerluke', 'Schamberger', 'Stan'),
(221, 'pearl.littel@gmail.com', 'Wilson', 'Zboncak', 609, 'Valentine', 'Port Brettport', 'Kovacek', 'Gutkowski', 'Cydney'),
(222, 'willms.rhiannon@mante.com', 'Ezequiel', 'Hettinger', 48349000, 'Yessenia', 'Faustoburgh', 'Kirlin', 'Bauch', 'Scot'),
(223, 'cole.mattie@hotmail.com', 'Jaeden', 'Raynor', 119058, 'Magnus', 'New Wilfredo', 'Brown', 'Welch', 'Colten'),
(224, 'joannie78@hotmail.com', 'Tamara', 'Schowalter', 453526030, 'Rosalyn', 'Lake Howard', 'Labadie', 'Friesen', 'Jeanie'),
(225, 'gusikowski.sherman@gmail.com', 'Marjolaine', 'Miller', 353, 'Addison', 'West Eloiseburgh', 'Leffler', 'Kuphal', 'Merlin'),
(226, 'hegmann.catalina@yahoo.com', 'Tyree', 'Crooks', 3440134, 'Susan', 'Lake Coltonshire', 'Von', 'Kuhic', 'Deonte'),
(227, 'ebeier@hotmail.com', 'Marlon', 'Baumbach', 2784981, 'Lorena', 'New Amirtown', 'Towne', 'Jenkins', 'Ed'),
(228, 'stoltenberg.jules@gmail.com', 'Mabelle', 'Hoppe', 45, 'Felipa', 'Port Telly', 'Erdman', 'Morissette', 'Kaitlin'),
(229, 'gutkowski.julio@hotmail.com', 'Kelley', 'Balistreri', 5148968, 'Maeve', 'Lake Evelyn', 'Marquardt', 'Prosacco', 'Gage'),
(230, 'monty.schuster@yahoo.com', 'Kayleigh', 'Hegmann', 197400, 'Carter', 'East Aileen', 'Hyatt', 'Nitzsche', 'Isabell'),
(231, 'zharber@torp.com', 'Edmund', 'Breitenberg', 481294, 'Nettie', 'South Theresehaven', 'Runte', 'Smith', 'Benedict'),
(232, 'bschaefer@effertz.com', 'Lesly', 'Kshlerin', 8, 'Kendrick', 'Lydaborough', 'Senger', 'Lockman', 'Hettie'),
(233, 'uvonrueden@hotmail.com', 'Dean', 'Yundt', 8, 'Clare', 'Lempiville', 'Schmitt', 'Schowalter', 'Daryl'),
(234, 'peter.ortiz@gmail.com', 'Cynthia', 'Kerluke', 447, 'Toy', 'North Fabianhaven', 'Schultz', 'Hills', 'Alaina'),
(235, 'gregg59@kuphal.com', 'Ladarius', 'Bergstrom', 474, 'Cameron', 'Lindgrenton', 'Ankunding', 'McDermott', 'Dean'),
(236, 'natasha.terry@gmail.com', 'Angelita', 'Littel', 107, 'Godfrey', 'North Melody', 'Crona', 'King', 'Nina'),
(237, 'krystal82@wolff.org', 'Blanca', 'Hand', 58679651, 'Ruben', 'Port Maureenbury', 'Schuster', 'Feeney', 'Monserrate'),
(238, 'dwest@volkman.com', 'Autumn', 'Hane', 795683, 'Zula', 'Raoulshire', 'Champlin', 'Kovacek', 'Carlotta'),
(239, 'nstanton@hotmail.com', 'Cielo', 'Bayer', 511318, 'Loyal', 'East Cruz', 'Halvorson', 'Wilkinson', 'Adaline'),
(240, 'ledner.kaylin@yahoo.com', 'Manuel', 'Stracke', 5, 'Mireya', 'West Kelli', 'Brekke', 'McKenzie', 'Tracy'),
(241, 'tnitzsche@kessler.net', 'Lukas', 'Crist', 8029533, 'Aron', 'West Teaganbury', 'Schuppe', 'Funk', 'Brenda'),
(242, 'linnie46@kuhn.net', 'Walter', 'Harber', 428732, 'Charles', 'Kevenmouth', 'Cartwright', 'Reinger', 'Alysa'),
(243, 'srosenbaum@gmail.com', 'Kaela', 'Will', 9281, 'Annabel', 'Annabelfort', 'Muller', 'Heidenreich', 'Imogene'),
(244, 'abshire.wilhelm@gmail.com', 'Bart', 'Schaefer', 605511, 'Helena', 'New Baileymouth', 'Satterfield', 'Berge', 'Virginia'),
(245, 'maggio.adelle@hotmail.com', 'Natalia', 'Turcotte', 33290082, 'Immanuel', 'New Reaganfort', 'Willms', 'Hyatt', 'Jesse'),
(246, 'considine.amanda@lind.biz', 'Katheryn', 'Goldner', 76282212, 'Carli', 'Hillland', 'Schmeler', 'Hills', 'Milo'),
(247, 'doyle.turner@yahoo.com', 'Jameson', 'Cartwright', 53098754, 'Queen', 'New Montyville', 'Kirlin', 'Volkman', 'Lacy'),
(248, 'maya82@gleason.com', 'Concepcion', 'Klocko', 518292153, 'Darien', 'New Hazel', 'Douglas', 'Ryan', 'Carey'),
(249, 'christina44@gmail.com', 'Elroy', 'Batz', 452018, 'Annamarie', 'Sanfordmouth', 'Torp', 'Beahan', 'Gay'),
(250, 'gutkowski.erling@bahringer.com', 'Franco', 'Spencer', 6297, 'Judah', 'Deckowton', 'Goodwin', 'Schmidt', 'Winifred'),
(251, 'forrest.prosacco@bins.com', 'Aidan', 'Green', 31896390, 'Connor', 'Queeniehaven', 'Graham', 'Bashirian', 'Keshawn'),
(252, 'olaf.mayer@hotmail.com', 'Brenda', 'Kirlin', 279709, 'Lance', 'Balistreriburgh', 'Jones', 'Reichert', 'Adrianna'),
(253, 'jerel78@ruecker.com', 'Harvey', 'Gusikowski', 916905858, 'Jalen', 'Port Kelton', 'Osinski', 'Stiedemann', 'Gabriel'),
(254, 'vmcdermott@beier.com', 'Zoila', 'Kassulke', 770165077, 'Barrett', 'Olsonside', 'Greenfelder', 'Schumm', 'Henri'),
(255, 'bahringer.chesley@gmail.com', 'Bryon', 'Smitham', 64013, 'Narciso', 'Port Catalinamouth', 'Denesik', 'Zulauf', 'Bertrand'),
(256, 'thettinger@nitzsche.org', 'Cory', 'Considine', 876050949, 'Name', 'Jerdetown', 'Emmerich', 'Rath', 'Rollin'),
(257, 'bspencer@yahoo.com', 'Carolanne', 'Kassulke', 90716, 'Enoch', 'Sidmouth', 'Huel', 'West', 'Leanne'),
(258, 'rshanahan@trantow.net', 'Paolo', 'Leuschke', 343224002, 'Zoey', 'East Jamil', 'Trantow', 'Ledner', 'Bernard'),
(259, 'destany.durgan@yahoo.com', 'Kyler', 'Streich', 6, 'Gilda', 'Port Eino', 'Dicki', 'DuBuque', 'Alexandra'),
(260, 'yzboncak@hotmail.com', 'Lucienne', 'DuBuque', 4867, 'Anabel', 'Ferryfort', 'Jones', 'Klein', 'Nia'),
(261, 'waldo.jacobson@beatty.com', 'Leon', 'Buckridge', 33102, 'Gaetano', 'Eldridgebury', 'Lang', 'Hettinger', 'Matilda'),
(262, 'hoeger.kali@walsh.com', 'Llewellyn', 'Luettgen', 29840, 'Hildegard', 'Reillymouth', 'Mertz', 'Maggio', 'Darion'),
(263, 'rzboncak@yahoo.com', 'Rose', 'Kreiger', 16640604, 'Bettie', 'Bogisichville', 'Ward', 'Kozey', 'Broderick'),
(264, 'eric03@ernser.org', 'Myah', 'Mertz', 94, 'Ernesto', 'New Ted', 'Runte', 'Grimes', 'Akeem'),
(265, 'gkoss@anderson.org', 'Ivory', 'Rodriguez', 4884762, 'Kory', 'North Julesbury', 'Dickinson', 'Wisozk', 'Gayle'),
(266, 'uboehm@corkery.net', 'Guy', 'Flatley', 3, 'Hector', 'Ernserview', 'Gaylord', 'Schuppe', 'Dena'),
(267, 'lcassin@gmail.com', 'Grayce', 'Moore', 75, 'Murphy', 'Lake Elwin', 'Pacocha', 'Spencer', 'Katelin'),
(268, 'wpowlowski@roob.info', 'Betty', 'Towne', 52, 'Lorenza', 'East Christafort', 'Klein', 'Goldner', 'Flavie'),
(269, 'larkin.thomas@moore.com', 'Kelsie', 'Eichmann', 17328, 'Dashawn', 'South Geo', 'Nolan', 'Marvin', 'Shawn'),
(270, 'alysson36@crist.com', 'Elissa', 'Swift', 94592634, 'Izabella', 'Lake Brookport', 'Bernier', 'Hand', 'Ida'),
(271, 'tre.stokes@towne.com', 'Humberto', 'Funk', 987, 'Graham', 'New Martinamouth', 'Kuhic', 'Rutherford', 'Keanu'),
(272, 'dswift@gmail.com', 'Newton', 'Mills', 3811219, 'Marshall', 'Dareton', 'Beahan', 'Conroy', 'Eliane'),
(273, 'duane.kshlerin@price.org', 'Stephon', 'Johns', 41, 'Hazel', 'Lavonland', 'Green', 'Lebsack', 'Grace'),
(274, 'zgaylord@hill.com', 'Danyka', 'Heathcote', 1644, 'Christina', 'Schowalterside', 'Gottlieb', 'McCullough', 'Wyman'),
(275, 'amelia19@yahoo.com', 'Montana', 'Romaguera', 67, 'Einar', 'Kaileyville', 'Ziemann', 'Jacobson', 'Chaya'),
(276, 'bmcdermott@hotmail.com', 'Oswald', 'Rohan', 44857, 'Eden', 'Hayesview', 'Rodriguez', 'Wintheiser', 'Betty'),
(277, 'rae.gutmann@yahoo.com', 'Guiseppe', 'Hermiston', 50157438, 'Maia', 'Darianmouth', 'Hegmann', 'Willms', 'Brandyn'),
(278, 'iwillms@gmail.com', 'Ray', 'Boyer', 3, 'Henderson', 'South Natashahaven', 'Harvey', 'VonRueden', 'Jermey'),
(279, 'qmorar@schuster.biz', 'Adalberto', 'Tromp', 15, 'Freddie', 'Stoltenbergmouth', 'McCullough', 'Walker', 'Stephania'),
(280, 'richmond23@yahoo.com', 'Augustine', 'Towne', 3240038, 'Era', 'Port Carmellabury', 'Nikolaus', 'Weimann', 'Zane'),
(281, 'xzavier.gislason@gmail.com', 'Jammie', 'Quitzon', 619, 'Anais', 'Starkville', 'Bergnaum', 'Quitzon', 'Dorris'),
(282, 'glynch@yahoo.com', 'Darius', 'Smitham', 2, 'Elyse', 'Lake Antonetteville', 'Leannon', 'Wunsch', 'Sigmund'),
(283, 'kendrick.franecki@robel.com', 'Jovani', 'Emard', 72, 'Delia', 'West Kara', 'Padberg', 'Becker', 'Leann'),
(284, 'uspencer@koch.net', 'Jules', 'Beer', 99132, 'Filiberto', 'Torranceland', 'Keebler', 'Cruickshank', 'Grady'),
(285, 'piper74@gmail.com', 'Myrtice', 'Haag', 985300, 'Vesta', 'Kiehnland', 'Paucek', 'Skiles', 'Shirley'),
(286, 'jayce22@king.com', 'Leland', 'Stokes', 87051, 'Afton', 'Balistrerifort', 'Bogisich', 'Armstrong', 'Winfield'),
(287, 'onienow@dicki.com', 'Raheem', 'Becker', 32083865, 'Ava', 'West Dashawnbury', 'Kuvalis', 'Balistreri', 'Joana'),
(288, 'shaun.graham@yahoo.com', 'Darren', 'Brown', 45418322, 'Magali', 'Hagenesfort', 'Von', 'Murphy', 'Maurice'),
(289, 'narciso.torphy@gmail.com', 'Hyman', 'Glover', 2127270, 'Josiah', 'Greenholtville', 'Von', 'Kovacek', 'Marina'),
(290, 'white.ocie@hotmail.com', 'Kameron', 'Davis', 67, 'Vella', 'Port Alf', 'Hartmann', 'Huel', 'Alivia'),
(291, 'koelpin.gordon@harris.com', 'Manuel', 'Huels', 67853192, 'Krystal', 'East Vickiechester', 'Mohr', 'Medhurst', 'Matt'),
(292, 'dschneider@daniel.com', 'Aletha', 'Cummings', 2151, 'Jordyn', 'New Raul', 'Zboncak', 'Johns', 'Favian'),
(293, 'avandervort@gmail.com', 'Nella', 'Feeney', 68808, 'Amanda', 'Lethahaven', 'Schimmel', 'Weber', 'Jaeden'),
(294, 'name42@kerluke.com', 'Lilliana', 'Jaskolski', 987767526, 'Christ', 'Mantemouth', 'Sanford', 'Ritchie', 'Glenda'),
(295, 'jayde.king@yahoo.com', 'Fredy', 'Hartmann', 4, 'Zane', 'North Joany', 'Hane', 'Ebert', 'Lempi'),
(296, 'elva16@hotmail.com', 'Christina', 'Littel', 5, 'Sheila', 'Veumchester', 'Pacocha', 'Rodriguez', 'Helen'),
(297, 'arvilla.harvey@russel.biz', 'Noemie', 'Blick', 782757, 'Laury', 'Lake Jaylanmouth', 'Nicolas', 'Howell', 'Reina'),
(298, 'murphy.donato@hotmail.com', 'Kristian', 'Beatty', 7, 'Nola', 'Abernathyburgh', 'Schaefer', 'Ortiz', 'Janelle'),
(299, 'welch.modesta@boyer.com', 'Clarabelle', 'Feest', 40518778, 'Raven', 'East Winfield', 'Grimes', 'Von', 'Karson'),
(300, 'evie.cremin@ledner.com', 'Nyah', 'Schuppe', 35, 'Alaina', 'New Fatima', 'Ankunding', 'Greenfelder', 'Brock'),
(301, 'rita.sporer@yahoo.com', 'Frederique', 'Bergnaum', 2, 'Gerhard', 'Quigleyfort', 'Hoeger', 'Oberbrunner', 'Jimmy'),
(302, 'qdickinson@moen.com', 'Francis', 'Koch', 3026818, 'Candace', 'Brandynbury', 'Russel', 'Jones', 'Kathleen'),
(303, 'beer.mark@hotmail.com', 'Adrienne', 'Osinski', 725, 'Ebba', 'East Taya', 'Emmerich', 'Langosh', 'Anne'),
(304, 'dare.hayden@kiehn.com', 'Teagan', 'Rogahn', 192571, 'Randall', 'Port Electa', 'Koepp', 'Schiller', 'Angie'),
(305, 'romaguera.alexzander@hotmail.c', 'Aleen', 'Johnson', 48, 'Santiago', 'North Anabelberg', 'Powlowski', 'Kunde', 'Macie'),
(306, 'gkling@lang.com', 'Candida', 'Morissette', 98592996, 'Jordyn', 'West Wade', 'Champlin', 'Bailey', 'Theodora'),
(307, 'diana36@gmail.com', 'Leslie', 'Hilpert', 2, 'Sincere', 'Willmsfurt', 'Greenholt', 'Kihn', 'Telly'),
(308, 'isabel.howe@gmail.com', 'Raphael', 'Zemlak', 91932603, 'Fredrick', 'Hansenfort', 'Emard', 'Shields', 'Marcelle'),
(309, 'kveum@bernhard.info', 'Helga', 'Quigley', 3, 'Nova', 'North Broderick', 'Reynolds', 'Bernier', 'Jessica'),
(310, 'jena82@jerde.com', 'Tito', 'Erdman', 2, 'Ahmad', 'Erdmanstad', 'Hayes', 'Treutel', 'Berniece'),
(311, 'usenger@hotmail.com', 'Jade', 'Grady', 5, 'Deshawn', 'Mariliemouth', 'Waelchi', 'Sauer', 'Lessie'),
(312, 'hoppe.rylee@yahoo.com', 'Cyril', 'Hegmann', 57, 'Alberta', 'Port Ciaraville', 'Jerde', 'Hoppe', 'Camila'),
(313, 'emurray@hauck.com', 'Orval', 'Schiller', 201976, 'Conrad', 'South Newellview', 'Kovacek', 'Gottlieb', 'Jane'),
(314, 'danny53@hintz.info', 'Cayla', 'Quigley', 665, 'Brock', 'Tyrelshire', 'Mann', 'Rolfson', 'Hugh'),
(315, 'evie84@lakin.com', 'Willis', 'Durgan', 4, 'Alycia', 'South Antonette', 'Rogahn', 'Muller', 'Mya'),
(316, 'janae.hegmann@gmail.com', 'Zakary', 'Weber', 4093731, 'Deja', 'Rollinmouth', 'Heaney', 'Bode', 'Sierra'),
(317, 'cindy.heathcote@schumm.org', 'Marian', 'Cormier', 23, 'Arvid', 'Dickiside', 'Schinner', 'Schowalter', 'Jamal'),
(318, 'lowe.scot@gmail.com', 'Billie', 'Dibbert', 1170673, 'Kali', 'New Parisborough', 'Legros', 'Dickinson', 'Krystel'),
(319, 'watsica.timmy@hotmail.com', 'Shea', 'Daniel', 38451, 'Jacinthe', 'South Maryjane', 'Jast', 'Strosin', 'Brandt'),
(320, 'wdare@zulauf.com', 'Adolph', 'Macejkovic', 49472, 'Victor', 'East Broderick', 'Okuneva', 'Shanahan', 'Lisette'),
(321, 'ygorczany@gmail.com', 'Charles', 'Homenick', 5119022, 'Gilda', 'Zitabury', 'Jacobi', 'Conroy', 'Whitney'),
(322, 'von.georgette@kuhn.org', 'Annie', 'Nicolas', 769, 'Brian', 'Gleichnerchester', 'Muller', 'Gulgowski', 'Ciara'),
(323, 'gutmann.cristal@yahoo.com', 'Marjorie', 'Emard', 80, 'Joy', 'North Eusebio', 'Boehm', 'Berge', 'Beaulah'),
(324, 'price.delphine@yahoo.com', 'Zelda', 'Gislason', 712235, 'Viva', 'North Craigside', 'Nader', 'Rath', 'Aniya'),
(325, 'abshire.lucie@yahoo.com', 'Eve', 'Lind', 21788, 'Lewis', 'Durganshire', 'Breitenberg', 'Halvorson', 'Moshe'),
(326, 'ole.breitenberg@king.com', 'Pattie', 'Bartell', 913847937, 'Anais', 'Franeckitown', 'Weber', 'Tremblay', 'Oswald'),
(327, 'treutel.keyshawn@sauer.com', 'Conor', 'Huel', 46402, 'Coty', 'North Savannahshire', 'Grant', 'Hickle', 'Austen'),
(328, 'gtowne@leuschke.org', 'Christiana', 'Herzog', 189575, 'Torrey', 'South Myrtie', 'Hand', 'Sawayn', 'Dennis'),
(329, 'eldora24@hotmail.com', 'Vena', 'Lesch', 59332449, 'Kylie', 'Kundeview', 'Ryan', 'Goldner', 'Maud'),
(330, 'jana.williamson@goyette.com', 'Estella', 'Ratke', 5119, 'Blake', 'Treybury', 'McGlynn', 'Fritsch', 'Seamus'),
(331, 'virgie74@gmail.com', 'Gladyce', 'Buckridge', 3628, 'Webster', 'Marksberg', 'Towne', 'Wolf', 'Camylle'),
(332, 'hsawayn@gmail.com', 'Taylor', 'Dietrich', 352566385, 'Roy', 'South Justushaven', 'Cormier', 'Wilderman', 'Liza'),
(333, 'mccullough.dolly@rowe.org', 'Helene', 'Gaylord', 9, 'Michelle', 'Port Cooperbury', 'Reilly', 'Klocko', 'Cristobal'),
(334, 'fgorczany@yahoo.com', 'Clementine', 'Schoen', 78, 'Freda', 'Alexatown', 'Koss', 'Hammes', 'Reilly'),
(335, 'darby.mitchell@hotmail.com', 'Daryl', 'Stiedemann', 41, 'Chance', 'Goyetteburgh', 'Thiel', 'Yost', 'Aurelio'),
(336, 'barney81@yahoo.com', 'Lance', 'Brakus', 2235, 'Terrence', 'Lake Quintenberg', 'Ziemann', 'Ullrich', 'Vidal'),
(337, 'dietrich.amely@russel.com', 'Hassan', 'Erdman', 5624728, 'Delaney', 'South Haileeside', 'Rosenbaum', 'Heaney', 'Katheryn'),
(338, 'schuppe.krystina@gmail.com', 'Eden', 'Hoppe', 4568, 'Madisen', 'Gonzalofort', 'Bechtelar', 'Hermiston', 'Dell'),
(339, 'geoffrey93@yahoo.com', 'Afton', 'Dooley', 204783403, 'Charlie', 'Shanahanville', 'Sipes', 'Block', 'Veronica'),
(340, 'wjacobs@swaniawski.com', 'Wilmer', 'Nikolaus', 334570, 'Logan', 'Turnerstad', 'Ward', 'Medhurst', 'Gerhard'),
(341, 'fahey.dewitt@yundt.com', 'Morton', 'Becker', 284, 'Caterina', 'East Pascale', 'Ledner', 'Bergnaum', 'Abel'),
(342, 'xander.raynor@runolfsdottir.co', 'Coy', 'McLaughlin', 5, 'Eugene', 'West Kobyfort', 'Kilback', 'Schmeler', 'Baylee'),
(343, 'cleo.kerluke@gmail.com', 'Hiram', 'Effertz', 361994, 'Joanne', 'Port Bettye', 'Legros', 'Koelpin', 'Sunny'),
(344, 'celia.zieme@ritchie.com', 'Emmalee', 'Lynch', 41, 'Johnathon', 'Christiansentown', 'Ullrich', 'Cole', 'Dawson'),
(345, 'oswaldo.schmitt@stokes.com', 'Stephan', 'Berge', 370062586, 'Jazmyne', 'Coltmouth', 'Hodkiewicz', 'Sawayn', 'Dana'),
(346, 'jacky.hessel@yahoo.com', 'Chet', 'Braun', 658, 'Nya', 'West Demetriusbury', 'Fritsch', 'Nikolaus', 'Lura'),
(347, 'tavares66@yahoo.com', 'Estella', 'Eichmann', 29068, 'Oda', 'Ivamouth', 'Towne', 'Renner', 'Isidro'),
(348, 'rafaela64@predovic.com', 'Chelsea', 'Kutch', 367, 'Randall', 'Rueckerview', 'Howe', 'Williamson', 'Cullen'),
(349, 'zemlak.oral@aufderhar.info', 'Kendall', 'Kreiger', 5, 'Eldon', 'North Annabell', 'Haley', 'Zieme', 'Yazmin'),
(350, 'myron48@ward.org', 'Shanelle', 'Murray', 5, 'Dangelo', 'Millsville', 'Ernser', 'Kohler', 'Jaleel'),
(351, 'nwindler@yahoo.com', 'Turner', 'Rowe', 34, 'Francesca', 'Port Maye', 'Purdy', 'Effertz', 'Lenny'),
(352, 'waters.jeanie@gmail.com', 'Coby', 'Schamberger', 29212, 'Effie', 'Bartonmouth', 'Williamson', 'Jenkins', 'Jeanne'),
(353, 'hackett.eva@yahoo.com', 'Cleta', 'Bednar', 84, 'Jamarcus', 'Lake Janessaview', 'Zulauf', 'Sauer', 'Ferne'),
(354, 'xnolan@gleichner.info', 'Arnaldo', 'Kunze', 9, 'Emiliano', 'West Estelland', 'Marvin', 'Fisher', 'Chanel'),
(355, 'adams.tyrel@yahoo.com', 'Pete', 'Turner', 955, 'Bridgette', 'North Maggiemouth', 'Hammes', 'Kunde', 'Ella'),
(356, 'hilda.schimmel@gmail.com', 'Carlo', 'Effertz', 832233, 'Eden', 'Francescaport', 'Johnston', 'Romaguera', 'Lloyd'),
(357, 'hunter.greenholt@yahoo.com', 'Adolfo', 'Herman', 8039471, 'Julio', 'Karlifort', 'Kautzer', 'Franecki', 'Nakia'),
(358, 'alicia64@boyer.biz', 'Burnice', 'Hahn', 34, 'Henry', 'East Rhodamouth', 'Mitchell', 'Larkin', 'Khalil'),
(359, 'jwatsica@monahan.info', 'General', 'Littel', 2606, 'Jailyn', 'North Baylee', 'Terry', 'Brekke', 'Martina'),
(360, 'lizzie46@yahoo.com', 'Anjali', 'Franecki', 473956, 'Lauryn', 'Charityburgh', 'Stiedemann', 'Pfannerstill', 'Pedro'),
(361, 'george.bergnaum@greenfelder.co', 'Rhiannon', 'Ziemann', 39, 'Arjun', 'South Elva', 'Davis', 'Bechtelar', 'Drew'),
(362, 'bryon.hayes@schinner.com', 'Clara', 'Mohr', 6, 'Joshua', 'Hayleeshire', 'Bednar', 'Halvorson', 'Rosemary'),
(363, 'tania20@gmail.com', 'Madonna', 'Hammes', 85072, 'Buford', 'Abbottport', 'Steuber', 'Hermann', 'Jayce'),
(364, 'margarette55@cummerata.biz', 'Ralph', 'Hoeger', 59218, 'Ernesto', 'South Aliza', 'Haag', 'Grimes', 'Rickey'),
(365, 'mitchell.labadie@johns.biz', 'Harley', 'Kassulke', 96, 'Kirsten', 'Hiramville', 'Hodkiewicz', 'Schuppe', 'Ardella'),
(366, 'fkoch@schmidt.com', 'Cleta', 'Parisian', 5, 'Skylar', 'West Audreanne', 'Hudson', 'Kuhn', 'Will'),
(367, 'wuckert.chanelle@halvorson.com', 'Gianni', 'McDermott', 8, 'Newton', 'East Freidaton', 'Swift', 'Koch', 'Marisol'),
(368, 'dibbert.wendell@ledner.info', 'River', 'Kertzmann', 314337, 'Keagan', 'Mullerport', 'Conroy', 'Raynor', 'Franco'),
(369, 'kutch.deja@gmail.com', 'Charlene', 'Aufderhar', 955, 'Cynthia', 'Marlinview', 'Rau', 'Aufderhar', 'Delmer'),
(370, 'zhayes@ullrich.org', 'Cassandra', 'Feest', 3354840, 'Joelle', 'Lake Vicenteburgh', 'Murray', 'Ziemann', 'Kevon'),
(371, 'jaiden61@yahoo.com', 'Pasquale', 'Auer', 5651, 'Horacio', 'Rexside', 'Conn', 'Goodwin', 'Colton'),
(372, 'kuhn.winifred@hills.com', 'Ambrose', 'Bauch', 309516, 'Hilton', 'Port Rowena', 'Romaguera', 'Lind', 'Marianne'),
(373, 'julio06@yahoo.com', 'Edna', 'Pouros', 6, 'Vernon', 'Florenceland', 'Tromp', 'Kris', 'Mckenna'),
(374, 'keeley45@gmail.com', 'Randall', 'Okuneva', 49058, 'Angelita', 'North Alize', 'Ruecker', 'Brakus', 'Okey'),
(375, 'schamberger.josue@yahoo.com', 'Geoffrey', 'Jacobs', 984, 'Johanna', 'Port Malindaland', 'Klein', 'Schmidt', 'Jamey'),
(376, 'kerluke.kirk@hotmail.com', 'Savanah', 'Turner', 63520, 'Hillary', 'Aniballand', 'Kozey', 'Kuhlman', 'Giovanny'),
(377, 'equigley@haley.com', 'Ebony', 'Schumm', 4266, 'Benjamin', 'West Burleyshire', 'Smitham', 'Dietrich', 'Alta'),
(378, 'lloyd.bauch@donnelly.com', 'Stan', 'Bode', 40, 'Kaleigh', 'Rosenbaumchester', 'Hamill', 'Herzog', 'Chandler'),
(379, 'dhermiston@hotmail.com', 'Alexanne', 'Ward', 51160, 'Michele', 'South Geoffreybury', 'Altenwerth', 'Kautzer', 'Jewell'),
(380, 'ncrona@ziemann.net', 'Beaulah', 'Stroman', 61, 'Stewart', 'Port Eriberto', 'Waelchi', 'Nienow', 'Mikel'),
(381, 'remington.waters@hotmail.com', 'Nikita', 'Pfannerstill', 435, 'Asha', 'New Suzanneborough', 'Graham', 'Rodriguez', 'Maybell'),
(382, 'brooks50@gmail.com', 'Kadin', 'Boyle', 866682, 'Brian', 'New Gilberto', 'Lind', 'Howell', 'Jasper'),
(383, 'pagac.taryn@wehner.net', 'Horace', 'Christiansen', 521529, 'Furman', 'Conradside', 'Keeling', 'Powlowski', 'Aliyah'),
(384, 'jsipes@schaefer.com', 'Alycia', 'Ankunding', 57, 'Cindy', 'Schimmelbury', 'Haley', 'Kuhlman', 'Ramona'),
(385, 'jason93@runolfsson.net', 'Ferne', 'Lubowitz', 1566786, 'Amie', 'East Fletcher', 'Mraz', 'Wiegand', 'George'),
(386, 'prosacco.elenor@mayer.info', 'Lee', 'Reilly', 45176607, 'Abigale', 'South Kadinfurt', 'Christiansen', 'Konopelski', 'Tyree'),
(387, 'cmonahan@yahoo.com', 'Demario', 'McDermott', 87, 'Allene', 'Lake Jalon', 'Bradtke', 'Hessel', 'Salvador'),
(388, 'nbogisich@gmail.com', 'Domenick', 'Conn', 7372279, 'Edwardo', 'Port Merlin', 'Torp', 'Feil', 'Madison'),
(389, 'bogan.camylle@yahoo.com', 'Marlon', 'Mohr', 928840664, 'Tyler', 'East Orvilleside', 'Flatley', 'Lubowitz', 'Tyshawn'),
(390, 'aortiz@crist.com', 'Bette', 'Hyatt', 653043, 'Duane', 'New Iliana', 'Osinski', 'Haley', 'Monroe'),
(391, 'johns.petra@carter.com', 'Margaret', 'Farrell', 42347, 'Roberta', 'North Sarinaport', 'Prohaska', 'Rodriguez', 'Theresia'),
(392, 'gregoria54@cole.net', 'Victoria', 'Adams', 4158296, 'Jaeden', 'West Abbey', 'Roberts', 'Schaefer', 'Eda'),
(393, 'gunnar11@konopelski.info', 'Sabina', 'Maggio', 12604253, 'Kelvin', 'Daynatown', 'Grimes', 'Smith', 'Margaret'),
(394, 'bergnaum.kamren@lesch.org', 'Veronica', 'Gusikowski', 7645209, 'Wellington', 'Powlowskiland', 'Zulauf', 'Cole', 'Nora'),
(395, 'littel.eryn@cremin.com', 'Harold', 'Weimann', 2392846, 'Jenifer', 'Katlynport', 'Boehm', 'Kris', 'Idell'),
(396, 'stuart00@borer.biz', 'Leonora', 'Orn', 18975, 'Junior', 'Tobyport', 'Wolf', 'Konopelski', 'Fiona'),
(397, 'gdare@yahoo.com', 'Austin', 'Volkman', 393, 'Rhea', 'Hillville', 'Bechtelar', 'Kulas', 'Jaydon'),
(398, 'dlakin@yahoo.com', 'Ewald', 'Walker', 5749, 'Minnie', 'West Britney', 'Larkin', 'Stiedemann', 'Maritza'),
(399, 'abbey82@gmail.com', 'Savion', 'Wisoky', 93177279, 'Marianne', 'Kautzerchester', 'Rolfson', 'Champlin', 'Rafaela'),
(400, 'raynor.bryce@hotmail.com', 'Bulah', 'Johns', 40935059, 'Trevor', 'New Jaleel', 'Kuhic', 'Berge', 'Mitchell'),
(401, 'hintz.lori@gmail.com', 'Lynn', 'Thiel', 729935, 'Chanelle', 'Lake Torrance', 'Ferry', 'Gutkowski', 'Nichole'),
(402, 'harmony43@gmail.com', 'Tate', 'Goodwin', 78914957, 'Louie', 'Laneybury', 'Kris', 'Bode', 'Martina'),
(403, 'jaiden.bashirian@schultz.com', 'Carroll', 'Schiller', 9247762, 'Luna', 'East Brenda', 'Quigley', 'Marquardt', 'Monte'),
(404, 'garrick.krajcik@wintheiser.biz', 'Eleanore', 'King', 9425790, 'Orlando', 'Kemmerfort', 'Tillman', 'Bechtelar', 'Diamond'),
(405, 'preinger@yahoo.com', 'Dennis', 'Conn', 7575, 'Verla', 'Gardnerchester', 'Purdy', 'Robel', 'Aylin'),
(406, 'xhomenick@cronin.com', 'Noe', 'Lemke', 551, 'Glenna', 'New Oleshire', 'Strosin', 'Schmidt', 'Aisha'),
(407, 'andre81@lubowitz.com', 'Camila', 'Weissnat', 6231, 'Jewell', 'Lake Joey', 'Kihn', 'Yost', 'Cortney'),
(408, 'libby31@yahoo.com', 'Rahsaan', 'Spencer', 82, 'Kirk', 'Bednarland', 'Bergnaum', 'Wyman', 'Barbara'),
(409, 'lexi26@hotmail.com', 'Hilario', 'Breitenberg', 4, 'Aiyana', 'Townemouth', 'Bogisich', 'King', 'Kari'),
(410, 'jparker@hotmail.com', 'Gwendolyn', 'Sipes', 6276316, 'Philip', 'Bodefurt', 'Feil', 'Romaguera', 'Jayden'),
(411, 'aterry@cassin.com', 'Alvina', 'Hamill', 4514112, 'Willy', 'South Adriel', 'Rolfson', 'Kozey', 'Amie'),
(412, 'pablo.crooks@hotmail.com', 'Hadley', 'Emard', 178703, 'Eusebio', 'Port Addison', 'Willms', 'Beier', 'Lilyan'),
(413, 'bernadine.pollich@yahoo.com', 'Julio', 'Keebler', 7457, 'Estrella', 'East Linneaton', 'Goldner', 'Feest', 'Jedediah'),
(414, 'vruecker@upton.net', 'Abbigail', 'VonRueden', 911092726, 'Benny', 'East Assunta', 'Streich', 'Rippin', 'Paxton'),
(415, 'bprosacco@yahoo.com', 'Amalia', 'Lubowitz', 722965006, 'Jayce', 'South Cleve', 'Luettgen', 'Harvey', 'Marcus'),
(416, 'huel.sophia@renner.com', 'Norene', 'Bartoletti', 74, 'Freeda', 'Lake Maximo', 'Crist', 'Pacocha', 'Cayla'),
(417, 'kuhn.rusty@kautzer.biz', 'Sidney', 'Grant', 8297818, 'Antwon', 'Port Abraham', 'Volkman', 'Heidenreich', 'Rhiannon'),
(418, 'susie.jaskolski@yahoo.com', 'Phyllis', 'Swift', 8849, 'Syble', 'McLaughlinmouth', 'Conroy', 'Crooks', 'Clarissa'),
(419, 'kendra.altenwerth@hotmail.com', 'Freddie', 'Spencer', 234, 'Kelli', 'Fritschfurt', 'Auer', 'Abshire', 'Marcelo'),
(420, 'bartoletti.salma@yahoo.com', 'Derick', 'Kirlin', 58907, 'Toney', 'Generalhaven', 'Kling', 'Hermann', 'Felicity'),
(421, 'williamson.tommie@yahoo.com', 'Tatum', 'Purdy', 118, 'Madelyn', 'Athenaside', 'Rempel', 'Turcotte', 'Karina'),
(422, 'adouglas@hill.com', 'Lillie', 'Upton', 42, 'Kallie', 'Murazikside', 'Reichel', 'Cartwright', 'Camron'),
(423, 'golda10@zulauf.com', 'Mellie', 'Steuber', 6118408, 'Casimer', 'Port Vivianne', 'Blick', 'Dietrich', 'Suzanne'),
(424, 'lhegmann@yahoo.com', 'Everett', 'Luettgen', 711, 'Thora', 'South Sabrina', 'Reilly', 'Witting', 'Justyn'),
(425, 'tboyer@gmail.com', 'Malika', 'Abbott', 8307042, 'Meredith', 'North Fidel', 'Greenfelder', 'Corkery', 'Elfrieda'),
(426, 'deontae.rath@yahoo.com', 'Ellis', 'Champlin', 19203, 'Dayana', 'East Verona', 'Littel', 'Paucek', 'Bailee'),
(427, 'srice@hotmail.com', 'Faye', 'Feest', 2382904, 'Gustave', 'Baileeborough', 'Harris', 'Considine', 'Maxie'),
(428, 'astrid57@harvey.org', 'Maximo', 'Muller', 811, 'Jacynthe', 'Braunburgh', 'Sipes', 'Weissnat', 'Serenity'),
(429, 'mazie.miller@hotmail.com', 'Mellie', 'Friesen', 2306166, 'Vicky', 'New Jackyburgh', 'Homenick', 'Hagenes', 'Rocky'),
(430, 'omoen@yahoo.com', 'Britney', 'Kunde', 8, 'Lily', 'Lake Angelostad', 'Cole', 'Bednar', 'Bobby'),
(431, 'savion.erdman@lebsack.com', 'Moshe', 'Vandervort', 290253933, 'Eunice', 'Hettingerville', 'Hickle', 'Schaefer', 'Daphnee'),
(432, 'rdenesik@gmail.com', 'Madie', 'Rolfson', 22, 'Jordy', 'Harberstad', 'Little', 'Spencer', 'Genevieve'),
(433, 'kgorczany@yahoo.com', 'Brandyn', 'Block', 49, 'Keagan', 'Walterview', 'Lubowitz', 'Wilderman', 'Chelsie'),
(434, 'fweimann@block.org', 'Myah', 'Purdy', 77, 'Germaine', 'New Brendon', 'Reichert', 'Jerde', 'Kristoffer'),
(435, 'ernie.vandervort@yahoo.com', 'Merle', 'Hills', 443, 'Albert', 'Franeckiport', 'Barrows', 'Schumm', 'Woodrow'),
(436, 'wilton.kling@hotmail.com', 'Gonzalo', 'Turner', 600228878, 'Emily', 'Naderfort', 'Johnston', 'Breitenberg', 'Lukas'),
(437, 'heather66@little.com', 'Sidney', 'Kihn', 9867580, 'Jovanny', 'Hanehaven', 'Gleichner', 'Brekke', 'Wilmer'),
(438, 'tony.kshlerin@stiedemann.com', 'Grayson', 'Kris', 9, 'Kip', 'Chrisside', 'Herzog', 'Olson', 'Adriel'),
(439, 'reichert.marley@hotmail.com', 'Major', 'Witting', 76745, 'Rae', 'New Novellashire', 'Fadel', 'Buckridge', 'Jared');
INSERT INTO `client` (`id_client`, `email`, `nom`, `prenom`, `telephone`, `mot_de_passe`, `ville`, `type`, `pays`, `url`) VALUES
(440, 'israel34@hand.com', 'Lukas', 'Yost', 6, 'Elton', 'East Antonietta', 'Larkin', 'Grant', 'Philip'),
(441, 'maegan.boyle@hotmail.com', 'Belle', 'McGlynn', 42729055, 'Tracey', 'Dionmouth', 'Rolfson', 'Bauch', 'Arlie'),
(442, 'logan.witting@corkery.biz', 'Edwina', 'Bauch', 4996656, 'Elisabeth', 'Hudsonburgh', 'Wolff', 'Beer', 'Asia'),
(443, 'louisa81@runolfsson.com', 'Alfred', 'Emard', 36, 'Reginald', 'Lake Micheleton', 'Trantow', 'Krajcik', 'Toney'),
(444, 'aschaden@gmail.com', 'Carrie', 'Miller', 13681, 'Theresia', 'North Neldaborough', 'Koch', 'Klein', 'Candida'),
(445, 'weissnat.tess@gmail.com', 'Ezekiel', 'Kerluke', 94, 'Gussie', 'West Nicklaus', 'Kozey', 'Schamberger', 'Etha'),
(446, 'pdietrich@hotmail.com', 'Javier', 'Mayer', 69636865, 'Chanelle', 'Lake Aletha', 'Weissnat', 'Upton', 'Aiden'),
(447, 'leila02@gottlieb.com', 'Jarvis', 'Bartell', 578279, 'Brannon', 'New Summer', 'Johns', 'Ferry', 'Robbie'),
(448, 'mmccullough@ward.org', 'Cody', 'Lowe', 991381, 'Alyson', 'Lake Daynaberg', 'Orn', 'Ortiz', 'Jewel'),
(449, 'btoy@bins.net', 'Daphnee', 'Brekke', 8, 'Ivory', 'Hettingerfurt', 'Kshlerin', 'Bruen', 'Golda'),
(450, 'pierre.terry@kshlerin.com', 'Oceane', 'Runolfsdottir', 67725, 'Francisca', 'South Karl', 'Schoen', 'Shields', 'Unique'),
(451, 'christelle.ferry@hotmail.com', 'Eleanora', 'Bergnaum', 292, 'Elyssa', 'West Selina', 'Casper', 'Terry', 'Horace'),
(452, 'mcdermott.emmalee@schneider.bi', 'Jan', 'Lueilwitz', 7552994, 'Emiliano', 'South Daphnechester', 'Tremblay', 'Brown', 'Dave'),
(453, 'hazel.hilpert@gmail.com', 'Sadie', 'Wisozk', 4, 'Marcelo', 'Kamrynberg', 'Dietrich', 'Hermiston', 'Lauretta'),
(454, 'jjacobi@hotmail.com', 'Faustino', 'Collier', 15003, 'Braxton', 'West Paulfort', 'Schneider', 'Eichmann', 'Wanda'),
(455, 'jillian.stehr@deckow.info', 'Aletha', 'Hodkiewicz', 7480, 'Annabel', 'Kayleyton', 'Gerhold', 'Wolff', 'Randall'),
(456, 'tillman.zena@gmail.com', 'Nicola', 'Larson', 0, 'Jett', 'West Fermin', 'Auer', 'Glover', 'Elza'),
(457, 'vmckenzie@durgan.com', 'Quinten', 'Cronin', 5, 'Kianna', 'North Mable', 'Leffler', 'Wiza', 'Makayla'),
(458, 'goldner.shania@fahey.info', 'Walker', 'Bailey', 592, 'Jacynthe', 'Vonport', 'Bosco', 'Ziemann', 'Letha'),
(459, 'prohaska.junius@gulgowski.com', 'Sylvester', 'Green', 71, 'Alda', 'West Arden', 'Runolfsson', 'Stroman', 'Lyla'),
(460, 'witting.peter@swaniawski.com', 'Bonnie', 'Barrows', 3637, 'Myah', 'Heavenport', 'Yost', 'Hahn', 'Chad'),
(461, 'edd.johnston@yahoo.com', 'Ignacio', 'Swaniawski', 3, 'Zula', 'Alphonsoland', 'Kris', 'Kreiger', 'Ramiro'),
(462, 'tveum@gmail.com', 'Audreanne', 'Leffler', 582653, 'Ubaldo', 'Ledaland', 'Stanton', 'Wolff', 'Ruben'),
(463, 'bernier.abbie@quitzon.net', 'Roderick', 'Sawayn', 2462131, 'Helmer', 'Aylaton', 'Dooley', 'Brekke', 'Declan'),
(464, 'goldner.paris@yahoo.com', 'Alexane', 'Ratke', 88236536, 'Demetrius', 'Gayberg', 'Morar', 'Harris', 'Carmine'),
(465, 'josiah86@bins.com', 'Jammie', 'Roberts', 33466698, 'Dewayne', 'Port Aylin', 'Ernser', 'Maggio', 'Trevor'),
(466, 'dulce.botsford@medhurst.net', 'Remington', 'Kessler', 86565, 'Tiana', 'South Santiagofurt', 'Flatley', 'Legros', 'Miles'),
(467, 'quinn.bruen@kunze.com', 'Serenity', 'Robel', 588577914, 'Milford', 'North Ceasarbury', 'Moore', 'Hamill', 'Althea'),
(468, 'vernice.nicolas@yahoo.com', 'Sabina', 'Morar', 151000, 'Brian', 'Blickton', 'Lindgren', 'Brekke', 'Zion'),
(469, 'dietrich.stuart@gmail.com', 'Alvina', 'Quigley', 508172, 'Elwin', 'Wisozkfort', 'Erdman', 'Auer', 'Gillian'),
(470, 'lulu10@gmail.com', 'Ansley', 'Donnelly', 8185246, 'June', 'Armstrongville', 'Jast', 'Gorczany', 'Kyle'),
(471, 'harber.geraldine@davis.com', 'Melisa', 'Kunze', 115842, 'Soledad', 'New Manuelahaven', 'Fisher', 'Wintheiser', 'Brandy'),
(472, 'breitenberg.bridgette@gmail.co', 'Casper', 'Hilpert', 382, 'Mara', 'Lake Zechariah', 'Wisoky', 'Hirthe', 'Bridgette'),
(473, 'amohr@yahoo.com', 'Alvina', 'Cremin', 59824088, 'Odie', 'West Monaburgh', 'Balistreri', 'Bashirian', 'Cooper'),
(474, 'zoreilly@gmail.com', 'Preston', 'Cruickshank', 2703, 'Elian', 'Gustaveshire', 'Schneider', 'Johnson', 'Mable'),
(475, 'satterfield.roberta@beer.info', 'Marcus', 'Toy', 91572, 'Nelson', 'Maryamfort', 'Volkman', 'Wyman', 'Jarrell'),
(476, 'ettie13@walter.com', 'Kara', 'Beahan', 3589574, 'Sallie', 'Lake Marjorie', 'Wisozk', 'Mueller', 'Kitty'),
(477, 'lisandro.christiansen@gmail.co', 'Lawrence', 'Lemke', 8453281, 'Celia', 'North Jordiport', 'Sawayn', 'Mayert', 'Sean'),
(478, 'macejkovic.stone@gmail.com', 'Ike', 'Collins', 195535954, 'Arnold', 'New Theron', 'Osinski', 'Gibson', 'Clemmie'),
(479, 'arice@gmail.com', 'Jason', 'Huels', 82, 'Rachael', 'Port Noemy', 'Legros', 'Block', 'Grant'),
(480, 'lorna63@harber.com', 'Abel', 'Wilkinson', 40269, 'Brannon', 'West Oleburgh', 'Thompson', 'Purdy', 'Aisha'),
(481, 'rmaggio@reichert.com', 'Isaiah', 'Strosin', 7961, 'Easter', 'Sipesstad', 'Batz', 'Buckridge', 'Ariel'),
(482, 'farrell.darrion@grimes.biz', 'Helga', 'Kling', 95073, 'Delphia', 'Rosendoburgh', 'Feest', 'Schneider', 'Wilma'),
(483, 'edmond.hill@hotmail.com', 'Eric', 'Homenick', 19973400, 'Chauncey', 'Devynbury', 'Hand', 'Stracke', 'Peggie'),
(484, 'hector98@prohaska.net', 'Iva', 'Green', 527719640, 'Liam', 'Koeppmouth', 'Goyette', 'Graham', 'Krystina'),
(485, 'maggie.nitzsche@gmail.com', 'Evalyn', 'Bergnaum', 9128508, 'Drew', 'Port Rodrickborough', 'Welch', 'McGlynn', 'Bianka'),
(486, 'ronny44@crooks.com', 'Alysson', 'Cole', 52827608, 'Zane', 'Lake Chandler', 'Crooks', 'Larkin', 'Tyrel'),
(487, 'mertie74@gmail.com', 'Imani', 'Sporer', 4916, 'Santina', 'West Keshaun', 'Emard', 'Ruecker', 'Jeromy'),
(488, 'rjaskolski@farrell.com', 'Delphine', 'Herzog', 9, 'Wilhelm', 'Creminshire', 'Gorczany', 'Kilback', 'Lilian'),
(489, 'koconner@gmail.com', 'Blanche', 'Spinka', 918867, 'Myrtis', 'Beerport', 'Koch', 'Rippin', 'Jarod'),
(490, 'torphy.general@gmail.com', 'Amy', 'Bergnaum', 9, 'Eusebio', 'Ahmedshire', 'Armstrong', 'Baumbach', 'Osborne'),
(491, 'berge.chris@gmail.com', 'Adolphus', 'Collier', 7, 'Dexter', 'West Leilanimouth', 'Upton', 'Jacobson', 'Guillermo'),
(492, 'otorphy@dicki.info', 'Lauryn', 'Schaden', 4783605, 'Daija', 'East Roystad', 'Renner', 'Farrell', 'Randall'),
(493, 'hertha31@tromp.net', 'Khalid', 'Larson', 3670240, 'Rodger', 'South Jarrell', 'Armstrong', 'White', 'Lavon'),
(494, 'pamela.wisozk@graham.info', 'Electa', 'Considine', 919, 'Nash', 'Wittingchester', 'Murphy', 'Schumm', 'Jovan'),
(495, 'cummerata.emery@yahoo.com', 'Eulalia', 'Spinka', 616627, 'Rhoda', 'Lake Kaleton', 'Nicolas', 'Ernser', 'Ora'),
(496, 'olarson@yahoo.com', 'Eliezer', 'Reynolds', 6524, 'Jerrold', 'New Timmothy', 'Block', 'Huels', 'Alfred'),
(497, 'madalyn.christiansen@okuneva.c', 'Marion', 'Goldner', 85773040, 'Braulio', 'South Kaylin', 'Graham', 'Effertz', 'Rosemary'),
(498, 'maggio.emilia@pfeffer.com', 'Ava', 'Bode', 85, 'Ernesto', 'Demarcusborough', 'Schroeder', 'Fisher', 'Benedict'),
(499, 'steuber.terrill@jaskolski.com', 'Alberta', 'Terry', 199561, 'Claudine', 'Lake Regan', 'Botsford', 'Herman', 'Reina'),
(500, 'qlittle@yahoo.com', 'Murray', 'Morissette', 68022, 'Estell', 'Blaiseport', 'Donnelly', 'Larson', 'Rodolfo'),
(501, 'zackery.zemlak@gmail.com', 'Bella', 'Corwin', 959901, 'Sheridan', 'Sauerview', 'Wolf', 'Lowe', 'Rosella'),
(502, 'sswaniawski@carroll.com', 'Grady', 'Murray', 5510428, 'Edgardo', 'Abbotttown', 'Kertzmann', 'Kiehn', 'Jewell'),
(503, 'tyler.white@yahoo.com', 'Ansley', 'Ledner', 10722, 'Dayne', 'North Deontaeside', 'Carroll', 'Mraz', 'Lukas'),
(504, 'keagan73@gmail.com', 'Lucienne', 'Stracke', 30541201, 'Frederic', 'Kemmertown', 'Schmitt', 'Beer', 'Edison'),
(505, 'ukohler@rogahn.com', 'Bianka', 'Lindgren', 53, 'Emil', 'Lake Crawford', 'Kerluke', 'Heaney', 'Roman'),
(506, 'rasheed.medhurst@kihn.info', 'Laury', 'Runte', 2821, 'Hans', 'Otiliastad', 'Simonis', 'Jones', 'Kenna'),
(507, 'ikreiger@lebsack.com', 'Elda', 'Bogisich', 7887818, 'Abbie', 'North Emileport', 'Auer', 'Lebsack', 'Leonie'),
(508, 'ferry.cullen@miller.com', 'Karianne', 'Daugherty', 3356, 'Grady', 'Fadelside', 'Bailey', 'Prosacco', 'Rosalyn'),
(509, 'svon@ortiz.info', 'Jasmin', 'Boehm', 169, 'Stevie', 'Lake Roryton', 'Hackett', 'Kunde', 'Paolo'),
(510, 'lzboncak@hotmail.com', 'Karianne', 'Flatley', 0, 'Joaquin', 'Port Berthafort', 'Hettinger', 'Johnson', 'Willis'),
(511, 'janiya.hartmann@reynolds.biz', 'Elisa', 'Heller', 257303, 'Eudora', 'Croninside', 'Zboncak', 'Abshire', 'Geovanni'),
(512, 'chester.hills@leuschke.com', 'Antoinette', 'Wehner', 558993401, 'Maia', 'Lake Berniece', 'Feeney', 'Runolfsdottir', 'Kendra'),
(513, 'skreiger@yahoo.com', 'Braxton', 'Rath', 6166, 'Robin', 'North Arlieberg', 'Jerde', 'Ankunding', 'Nikita'),
(514, 'fay.adolph@gmail.com', 'Madeline', 'Gusikowski', 20892, 'Marcia', 'Deckowmouth', 'Rau', 'Brakus', 'Rolando'),
(515, 'parisian.lysanne@swift.com', 'Susan', 'Predovic', 124, 'Estefania', 'Noeview', 'Mayert', 'Sporer', 'Nils'),
(516, 'holden18@hotmail.com', 'Humberto', 'Veum', 32655468, 'Kylie', 'North Wandastad', 'Hackett', 'Langosh', 'Aurore'),
(517, 'myrtis61@hotmail.com', 'Scottie', 'Gutmann', 83612, 'Jaeden', 'Rueckerstad', 'Jones', 'Ledner', 'Mateo'),
(518, 'hstiedemann@yahoo.com', 'Lola', 'Schmitt', 66, 'Dalton', 'South Kip', 'Braun', 'Schmeler', 'Adolphus'),
(519, 'gerlach.franco@langworth.info', 'Natalie', 'Hodkiewicz', 5, 'Esta', 'Cruickshankfurt', 'White', 'Kiehn', 'Cleta'),
(520, 'roman33@west.com', 'Chet', 'Bernier', 3829, 'Korey', 'West Diamond', 'Grant', 'Thiel', 'Janelle'),
(521, 'mueller.susanna@hotmail.com', 'Janie', 'Turcotte', 1, 'Maynard', 'East Randalmouth', 'Dietrich', 'Graham', 'Hailee'),
(522, 'kristian.bahringer@hotmail.com', 'Ciara', 'Rutherford', 5, 'Meagan', 'Port Coltfurt', 'Fadel', 'VonRueden', 'Cameron'),
(523, 'doreilly@johns.com', 'Merle', 'Borer', 634549552, 'Maurine', 'Ortizfort', 'Bruen', 'Rutherford', 'Monserrate'),
(524, 'reinger.laron@gmail.com', 'Wade', 'Runolfsson', 9827267, 'Alda', 'Hettingermouth', 'Kozey', 'Boyer', 'Susan'),
(525, 'rhea.torphy@yahoo.com', 'Tracy', 'Conn', 425166536, 'Arielle', 'Ezequielland', 'Kuvalis', 'Weber', 'Gaston'),
(526, 'elbert70@berge.net', 'Carolina', 'Ullrich', 8, 'Maddison', 'East Milo', 'Thompson', 'Towne', 'Anissa'),
(527, 'pfannerstill.gennaro@beier.com', 'Alena', 'Hodkiewicz', 21331244, 'Barton', 'Marquardtside', 'Herzog', 'Stark', 'Tamia'),
(528, 'dbrown@heidenreich.com', 'Minnie', 'Reynolds', 38, 'Asa', 'Beahanmouth', 'Stark', 'Corwin', 'Ivory'),
(529, 'wcasper@sauer.biz', 'Marlee', 'Balistreri', 35294265, 'Lexi', 'South Ressie', 'Stehr', 'Gutkowski', 'Hyman'),
(530, 'lakin.enos@hotmail.com', 'Verner', 'Romaguera', 9153836, 'Thomas', 'East Justinefurt', 'Sawayn', 'Moen', 'Lydia'),
(531, 'major.sporer@yahoo.com', 'Cassandre', 'Stracke', 977, 'Dudley', 'Lake Kamryn', 'Deckow', 'Stamm', 'Joey'),
(532, 'sophie20@dicki.info', 'Lilian', 'Gulgowski', 592264548, 'Amber', 'Domenickfurt', 'Kirlin', 'Koss', 'Alessandra'),
(533, 'abigail95@klein.com', 'Aida', 'Wiegand', 566665928, 'Titus', 'South Karitown', 'Goyette', 'Donnelly', 'Maia'),
(534, 'stanton.brando@bogan.com', 'Jewel', 'Champlin', 3173, 'Rahul', 'Feestville', 'Sipes', 'Weimann', 'Tamia'),
(535, 'caden.sporer@bahringer.com', 'Mallie', 'Adams', 2520588, 'Aileen', 'Lake Romaine', 'Wehner', 'Renner', 'Eddie'),
(536, 'corwin.elaina@hirthe.com', 'Christina', 'Muller', 53, 'Rosalyn', 'Wavahaven', 'Hammes', 'Rogahn', 'Kaitlin'),
(537, 'madie.champlin@gmail.com', 'Markus', 'Bashirian', 6268, 'Lenora', 'Port Travon', 'Durgan', 'Mante', 'Braeden'),
(538, 'kilback.reid@gmail.com', 'Federico', 'Crist', 1414, 'Keanu', 'Josieville', 'Kshlerin', 'Willms', 'Brisa'),
(539, 'erippin@kutch.biz', 'Jeremie', 'Purdy', 408030, 'Lauretta', 'Gulgowskimouth', 'Maggio', 'Fisher', 'Marta'),
(540, 'laura73@gmail.com', 'Jeanne', 'Hackett', 86, 'Jayson', 'Stantonhaven', 'McGlynn', 'Wyman', 'Coy'),
(541, 'rau.mittie@howe.com', 'Reed', 'Yost', 9, 'Daisha', 'Rocioburgh', 'Mraz', 'Halvorson', 'Delfina'),
(542, 'galtenwerth@veum.com', 'Mable', 'Douglas', 3, 'Osborne', 'Townemouth', 'Prohaska', 'Konopelski', 'Efren'),
(543, 'alycia43@gmail.com', 'Modesto', 'Hammes', 373558398, 'Jaylon', 'North Marlon', 'Beahan', 'Murray', 'Enos'),
(544, 'dtorphy@oberbrunner.com', 'Letha', 'Jacobi', 454, 'Colin', 'South Hanschester', 'Halvorson', 'Gusikowski', 'Alta'),
(545, 'turcotte.kylie@johnson.com', 'Meggie', 'Stamm', 87312, 'Yasmin', 'Abdullahstad', 'Harris', 'Hermiston', 'Sylvester'),
(546, 'zaria15@conn.com', 'Amira', 'Hintz', 6158018, 'Nicolas', 'Kianville', 'Rogahn', 'Cremin', 'Joe'),
(547, 'kertzmann.irving@schinner.com', 'Herminio', 'Dickens', 4139, 'Marcelina', 'Larkinton', 'Wolf', 'Feeney', 'Marques'),
(548, 'florencio.koepp@schulist.com', 'Darrell', 'Keeling', 647947380, 'Mustafa', 'South Emeraldville', 'Moore', 'Cummings', 'Angus'),
(549, 'sharon.klocko@gmail.com', 'Julian', 'Hackett', 6, 'Beatrice', 'South Torranceshire', 'Cassin', 'Hilpert', 'Nyah'),
(550, 'eliane.cartwright@lesch.info', 'Durward', 'Moen', 263, 'Nat', 'South Tobyside', 'Lind', 'Lowe', 'Caden'),
(551, 'branson.hintz@gmail.com', 'Orville', 'Barrows', 65898825, 'Javon', 'North Ken', 'Reinger', 'Marks', 'Nathanial'),
(552, 'jaida.borer@hotmail.com', 'Sharon', 'Davis', 3428, 'Marian', 'East Everardo', 'Padberg', 'Franecki', 'Johnathan'),
(553, 'ohara.mozelle@windler.com', 'Lorenz', 'Reichel', 71715009, 'Zula', 'Leuschkeville', 'Jaskolski', 'Kub', 'Pearlie'),
(554, 'dubuque.effie@hotmail.com', 'Meagan', 'Schuster', 76639, 'Cora', 'Feilfurt', 'Rogahn', 'Bailey', 'Flavie'),
(555, 'martin.hammes@bins.com', 'Madaline', 'Grant', 891221, 'Carey', 'Schinnerhaven', 'Bahringer', 'Mills', 'Bella'),
(556, 'adah91@gmail.com', 'Walker', 'Kovacek', 564220322, 'Weston', 'West Lonzotown', 'Mills', 'Luettgen', 'Danielle'),
(557, 'hailey87@beier.com', 'Linnie', 'Barton', 46745, 'Hortense', 'Brakusview', 'Corwin', 'Johnston', 'Anya'),
(558, 'roxanne62@yahoo.com', 'Kailey', 'Harvey', 5356, 'Estel', 'West Lennafurt', 'Funk', 'Konopelski', 'Perry'),
(559, 'maximo66@gmail.com', 'Samara', 'Parker', 3137, 'Tracey', 'Vernaborough', 'Crona', 'Keeling', 'Amparo'),
(560, 'schamberger.myriam@wiegand.com', 'Reyes', 'Miller', 2, 'Kiana', 'Port Retha', 'Cassin', 'Boyle', 'Christy'),
(561, 'kuhn.lila@yahoo.com', 'Florence', 'Block', 3701, 'Diana', 'Hagenesville', 'Quigley', 'Balistreri', 'Chadrick'),
(562, 'johnson79@brakus.net', 'Rolando', 'Dooley', 3367016, 'Ezekiel', 'Bergeberg', 'Schultz', 'Reichel', 'Nathaniel'),
(563, 'krajcik.waldo@yahoo.com', 'Daniella', 'Bradtke', 22338445, 'Orville', 'South Jerry', 'Champlin', 'Dibbert', 'Rhett'),
(564, 'judge.mclaughlin@yahoo.com', 'Eloy', 'Sawayn', 7358, 'Samir', 'North Meredithstad', 'Schmidt', 'Gutmann', 'Eddie'),
(565, 'vharvey@swaniawski.org', 'Burley', 'Gerlach', 21, 'Delbert', 'Cristianbury', 'Marquardt', 'Yundt', 'Antwon'),
(566, 'sawayn.monica@legros.com', 'Jakayla', 'Bauch', 182439, 'Ozella', 'Port Godfrey', 'Parisian', 'Conroy', 'Demond'),
(567, 'jorn@gmail.com', 'Dakota', 'Gutkowski', 9219433, 'Marco', 'Harrisonhaven', 'Treutel', 'Bergnaum', 'Quinten'),
(568, 'devin.huel@gmail.com', 'Zora', 'Grady', 8156, 'Erica', 'Port Dustinland', 'Schuster', 'Keeling', 'Dovie'),
(569, 'eula52@yahoo.com', 'Richard', 'Waelchi', 830, 'Edd', 'East Cleoland', 'Konopelski', 'Kshlerin', 'Rico'),
(570, 'alexandrine99@feeney.info', 'Fabiola', 'Russel', 155, 'Kieran', 'Wehnerchester', 'Kuhic', 'Kohler', 'Abbigail'),
(571, 'vstark@yahoo.com', 'Bianka', 'Kuhic', 5315520, 'Roderick', 'Lake Zacharymouth', 'Herzog', 'Reinger', 'Alice'),
(572, 'boehm.chelsea@hotmail.com', 'Addison', 'Bauch', 79, 'Margarita', 'Lake Cruztown', 'Kunze', 'Johns', 'Carissa'),
(573, 'mjohnson@yahoo.com', 'Maverick', 'Will', 183943, 'Wilfrid', 'East Jedmouth', 'Willms', 'Goyette', 'Cathryn'),
(574, 'weissnat.marianna@gmail.com', 'Randal', 'Grimes', 934, 'Boyd', 'Hansenfurt', 'Kemmer', 'Pacocha', 'Elvie'),
(575, 'laurie21@hotmail.com', 'Maximillia', 'Mayer', 925, 'Anabelle', 'Port Dora', 'Hammes', 'Bartell', 'Eliane'),
(576, 'wlangosh@hotmail.com', 'Cleo', 'Lang', 6523938, 'Ed', 'Barryhaven', 'Carter', 'Botsford', 'Myrtie'),
(577, 'donnell62@yahoo.com', 'Damaris', 'Lesch', 8911966, 'Magdalena', 'Josefinaside', 'Kuhn', 'Kuhic', 'Lemuel'),
(578, 'molly.lueilwitz@gleichner.org', 'Aida', 'Hackett', 33759420, 'Jermaine', 'Justinaborough', 'Feest', 'McGlynn', 'Shany'),
(579, 'abe.johns@cartwright.com', 'Liza', 'Ondricka', 27189, 'Johnnie', 'Mitchellfurt', 'Wolf', 'Orn', 'Zoila'),
(580, 'andre.carter@gmail.com', 'Phoebe', 'Graham', 6712053, 'Christy', 'Isacland', 'Zulauf', 'Carroll', 'Donald'),
(581, 'anabel.dickens@bartoletti.com', 'Bruce', 'Tillman', 9817, 'Lesley', 'Kirlinberg', 'McClure', 'Torphy', 'Charley'),
(582, 'erdman.kyler@hotmail.com', 'Shakira', 'Kshlerin', 574094363, 'May', 'Vonport', 'McCullough', 'Bode', 'Marcos'),
(583, 'volkman.celia@eichmann.org', 'Vance', 'Borer', 4, 'Oleta', 'North Rosettaland', 'Block', 'White', 'Deshaun'),
(584, 'lucious.walter@hotmail.com', 'Gregorio', 'Crona', 70766356, 'Evelyn', 'Xanderstad', 'Armstrong', 'VonRueden', 'Montana'),
(585, 'paolo.shields@weissnat.com', 'Danial', 'Muller', 21, 'Helene', 'New Claireside', 'Jacobson', 'Kuvalis', 'Elmore'),
(586, 'armand83@upton.org', 'Elza', 'Lindgren', 62, 'Meggie', 'Charlesberg', 'Feest', 'DuBuque', 'Rolando'),
(587, 'marc03@sauer.com', 'Taylor', 'Marquardt', 5647, 'Kelsi', 'Lake Sallyton', 'Weissnat', 'Beer', 'Elisa'),
(588, 'wwilderman@yahoo.com', 'Hugh', 'Medhurst', 681, 'Rosalyn', 'West Ayana', 'Gleichner', 'Hartmann', 'Kathlyn'),
(589, 'rebecca.ward@hotmail.com', 'Amiya', 'Muller', 259479, 'Kathleen', 'New Kaitlinborough', 'Kozey', 'Donnelly', 'Sally'),
(590, 'franecki.carlee@gmail.com', 'Myrtie', 'Hegmann', 248246, 'Annalise', 'Lake Cecile', 'Nienow', 'Hand', 'Shyanne'),
(591, 'orlando.murazik@oconner.com', 'Ansley', 'Rutherford', 29, 'Candelario', 'Port Ryderville', 'Windler', 'Hand', 'Lucy'),
(592, 'skshlerin@yahoo.com', 'Dominique', 'Rowe', 30, 'Chelsea', 'Walterville', 'Pouros', 'Ebert', 'Hellen'),
(593, 'laney.rodriguez@hotmail.com', 'Abigail', 'Langosh', 62, 'Rachael', 'Durganshire', 'Cole', 'Kilback', 'Sylvan'),
(594, 'fannie.gusikowski@yahoo.com', 'Shaylee', 'Macejkovic', 423, 'Ebony', 'North Gerardo', 'Hand', 'Balistreri', 'Mackenzie'),
(595, 'dagmar.rohan@steuber.com', 'Isobel', 'Koelpin', 40900017, 'Madalyn', 'New Annabell', 'Larkin', 'Hauck', 'Noemie'),
(596, 'zoconner@hotmail.com', 'Lolita', 'Becker', 8, 'Jerad', 'Lake Ottiliebury', 'Hermann', 'Cremin', 'Yazmin'),
(597, 'bwehner@hotmail.com', 'Elyse', 'Bahringer', 549, 'Kylee', 'Peytonberg', 'Cassin', 'Konopelski', 'Walter'),
(598, 'aleen.collier@hill.com', 'Angelina', 'Olson', 110542, 'Ryleigh', 'Lake Andrew', 'Wilkinson', 'Botsford', 'Antoinette'),
(599, 'xrosenbaum@hartmann.net', 'Moshe', 'Hirthe', 3862359, 'Clemmie', 'Lake Zenamouth', 'Hahn', 'Little', 'Kattie'),
(600, 'jakubowski.kamryn@beahan.net', 'Dana', 'Reilly', 2, 'Katheryn', 'Sawaynland', 'Smith', 'Moore', 'Diego'),
(601, 'mandy20@boyle.com', 'Maximillian', 'Dach', 0, 'Declan', 'Alvertachester', 'Stracke', 'Schiller', 'Jayne'),
(602, 'gunner60@greenholt.info', 'Estevan', 'Shanahan', 79051286, 'Dawn', 'New Madysonhaven', 'Rutherford', 'Gottlieb', 'Van'),
(603, 'vrau@wehner.com', 'Kade', 'Graham', 58, 'Alaina', 'South Lillianastad', 'Klocko', 'Muller', 'Anika'),
(604, 'dvon@yahoo.com', 'Thomas', 'Brown', 7859895, 'Bryce', 'Port Imani', 'Jacobi', 'Rohan', 'Steve'),
(605, 'ncorwin@yahoo.com', 'Favian', 'Satterfield', 9, 'Eleanora', 'Ferryside', 'Tillman', 'Fadel', 'Donna'),
(606, 'torn@hotmail.com', 'Claudine', 'Jerde', 295583, 'Jamison', 'North Oranland', 'Jerde', 'Batz', 'Leonardo'),
(607, 'anissa29@gmail.com', 'Felicita', 'Dach', 5, 'Tyshawn', 'New Tomasaburgh', 'Beier', 'Stoltenberg', 'Kianna'),
(608, 'zoie.kris@collins.com', 'Aric', 'Murazik', 56303, 'Breana', 'East Patrickland', 'Hudson', 'Zulauf', 'Emerson'),
(609, 'friesen.madisen@cremin.info', 'Tyreek', 'Block', 1271404, 'Ted', 'Karenchester', 'Cummings', 'Hagenes', 'Katarina'),
(610, 'cornelius70@hotmail.com', 'Ramon', 'Greenfelder', 5832, 'Edyth', 'Port Rockyview', 'Ebert', 'Weimann', 'Mireille'),
(611, 'kenyon.mccullough@hotmail.com', 'Burley', 'Batz', 907875007, 'Jacques', 'Reillymouth', 'Barrows', 'Batz', 'Brandt'),
(612, 'padberg.viola@yundt.org', 'Daren', 'Pacocha', 56011, 'Julie', 'East Abagail', 'Carroll', 'Rodriguez', 'Erin'),
(613, 'cartwright.yvonne@harris.info', 'Julia', 'Fay', 140201, 'Oran', 'Steuberborough', 'Schulist', 'Parisian', 'Arvid'),
(614, 'dooley.lucienne@yahoo.com', 'Kadin', 'Watsica', 6692924, 'Lucinda', 'Kalliebury', 'Bode', 'Block', 'Isaias'),
(615, 'bogisich.thora@reinger.com', 'Lenore', 'Muller', 137, 'Ludie', 'Lake Asiachester', 'Jaskolski', 'Casper', 'Destiny'),
(616, 'krath@yahoo.com', 'Bernice', 'Pagac', 74107892, 'Tristian', 'Cordellborough', 'Pollich', 'Simonis', 'Aliza'),
(617, 'hahn.valentina@hotmail.com', 'Candace', 'Hickle', 654, 'Kolby', 'East Earnestine', 'Gutkowski', 'Parker', 'Friedrich'),
(618, 'zion73@hansen.com', 'Janae', 'Stroman', 0, 'Madeline', 'East Jazmyn', 'Sipes', 'Kshlerin', 'Callie');

-- --------------------------------------------------------

--
-- Structure de la table `commande`
--

DROP TABLE IF EXISTS `commande`;
CREATE TABLE IF NOT EXISTS `commande` (
  `id_com` int NOT NULL AUTO_INCREMENT,
  `date_com` date NOT NULL,
  `id_client` int NOT NULL,
  PRIMARY KEY (`id_com`),
  KEY `id_client` (`id_client`)
) ENGINE=MyISAM AUTO_INCREMENT=22 DEFAULT CHARSET=utf8mb4 COLLATE=utf8mb4_0900_ai_ci;

--
-- Déchargement des données de la table `commande`
--

INSERT INTO `commande` (`id_com`, `date_com`, `id_client`) VALUES
(1, '2024-05-27', 9),
(2, '2024-05-27', 9),
(3, '2024-05-27', 9),
(4, '2024-05-27', 1),
(5, '2024-05-27', 1),
(6, '2024-05-27', 9),
(7, '2024-05-27', 10),
(8, '2024-05-27', 9),
(9, '2024-05-27', 1),
(10, '2024-05-27', 8),
(11, '2024-05-27', 9),
(12, '2024-05-27', 9),
(13, '2024-05-27', 16),
(14, '2024-05-28', 9),
(15, '2024-05-28', 9),
(16, '2024-05-28', 11),
(17, '2024-05-28', 11),
(18, '2024-05-28', 9),
(19, '2024-05-28', 8),
(20, '2024-05-29', 9),
(21, '2024-05-29', 9);

-- --------------------------------------------------------

--
-- Structure de la table `envoyer`
--

DROP TABLE IF EXISTS `envoyer`;
CREATE TABLE IF NOT EXISTS `envoyer` (
  `DATE_ENVOI` date NOT NULL,
  `id_client` int NOT NULL,
  `id_restau` int NOT NULL,
  `id_notif` int NOT NULL,
  PRIMARY KEY (`id_client`,`id_restau`,`id_notif`),
  KEY `id_restau` (`id_restau`),
  KEY `id_notif` (`id_notif`)
) ENGINE=MyISAM DEFAULT CHARSET=utf8mb4 COLLATE=utf8mb4_0900_ai_ci;

--
-- Déchargement des données de la table `envoyer`
--

INSERT INTO `envoyer` (`DATE_ENVOI`, `id_client`, `id_restau`, `id_notif`) VALUES
('2024-05-10', 9, 1, 22),
('2024-05-10', 9, 1, 23),
('2024-05-10', 9, 1, 24),
('2024-05-10', 9, 1, 25),
('2024-05-10', 14, 5, 26),
('2024-05-10', 9, 4, 27),
('2024-05-13', 9, 1, 28),
('2024-05-15', 16, 1, 29),
('2024-05-15', 9, 1, 30),
('2024-05-15', 9, 1, 31),
('2024-05-15', 9, 1, 32),
('2024-05-15', 15, 1, 33),
('2024-05-15', 9, 1, 34),
('2024-05-15', 9, 1, 35),
('2024-05-15', 14, 1, 36),
('2024-05-15', 14, 1, 37),
('2024-05-17', 10, 1, 38),
('2024-05-27', 8, 4, 39),
('2024-05-27', 9, 4, 40),
('2024-05-28', 11, 5, 41),
('2024-05-28', 9, 1, 42),
('2024-05-29', 9, 4, 43);

-- --------------------------------------------------------

--
-- Structure de la table `ligne_commande`
--

DROP TABLE IF EXISTS `ligne_commande`;
CREATE TABLE IF NOT EXISTS `ligne_commande` (
  `id_ligne` int NOT NULL AUTO_INCREMENT,
  `quantite` int NOT NULL,
  `id_com` int NOT NULL,
  `id_plat` int NOT NULL,
  PRIMARY KEY (`id_ligne`),
  KEY `id_com` (`id_com`),
  KEY `id_plat` (`id_plat`)
) ENGINE=MyISAM AUTO_INCREMENT=46 DEFAULT CHARSET=utf8mb4 COLLATE=utf8mb4_0900_ai_ci;

--
-- Déchargement des données de la table `ligne_commande`
--

INSERT INTO `ligne_commande` (`id_ligne`, `quantite`, `id_com`, `id_plat`) VALUES
(1, 1, 1, 104),
(2, 1, 1, 106),
(3, 4, 2, 10120),
(4, 3, 2, 104),
(5, 2, 3, 104),
(6, 2, 3, 106),
(7, 3, 3, 10120),
(8, 1, 4, 102),
(9, 1, 4, 101),
(10, 3, 5, 10121),
(11, 2, 5, 102),
(12, 6, 6, 10121),
(13, 3, 6, 102),
(14, 2, 7, 102),
(15, 1, 7, 10121),
(16, 2, 8, 10120),
(17, 3, 8, 104),
(18, 2, 9, 107),
(19, 1, 9, 108),
(20, 2, 10, 108),
(21, 3, 10, 10124),
(22, 1, 10, 107),
(23, 1, 11, 102),
(24, 1, 11, 10121),
(25, 2, 12, 10125),
(26, 3, 12, 10124),
(27, 2, 13, 107),
(28, 1, 13, 10125),
(29, 1, 13, 108),
(30, 3, 13, 10124),
(31, 3, 14, 10121),
(32, 2, 15, 10126),
(33, 1, 15, 107),
(34, 1, 16, 10120),
(35, 1, 16, 106),
(36, 1, 16, 104),
(37, 1, 17, 10127),
(38, 7, 18, 107),
(39, 6, 18, 10125),
(40, 3, 19, 10129),
(41, 5, 19, 10127),
(42, 5, 20, 10122),
(43, 1, 20, 10129),
(44, 3, 21, 107),
(45, 4, 21, 108);

-- --------------------------------------------------------

--
-- Structure de la table `ligne_menu`
--

DROP TABLE IF EXISTS `ligne_menu`;
CREATE TABLE IF NOT EXISTS `ligne_menu` (
  `id_lignemenu` int NOT NULL AUTO_INCREMENT,
  `libelle` varchar(20) DEFAULT NULL,
  `description` text,
  `pu` int DEFAULT NULL,
  `image` text,
  `id_menu` int DEFAULT NULL,
  PRIMARY KEY (`id_lignemenu`),
  KEY `id_menu` (`id_menu`)
) ENGINE=MyISAM DEFAULT CHARSET=utf8mb4 COLLATE=utf8mb4_0900_ai_ci;

-- --------------------------------------------------------

--
-- Structure de la table `livraison`
--

DROP TABLE IF EXISTS `livraison`;
CREATE TABLE IF NOT EXISTS `livraison` (
  `id_liv` int NOT NULL AUTO_INCREMENT,
  `date_liv` date NOT NULL,
  `Montant` int NOT NULL,
  `id_restau` int DEFAULT NULL,
  `id_com` int NOT NULL,
  PRIMARY KEY (`id_liv`),
  KEY `id_restau` (`id_restau`),
  KEY `id_com` (`id_com`)
) ENGINE=MyISAM AUTO_INCREMENT=6 DEFAULT CHARSET=utf8mb4 COLLATE=utf8mb4_0900_ai_ci;

--
-- Déchargement des données de la table `livraison`
--

INSERT INTO `livraison` (`id_liv`, `date_liv`, `Montant`, `id_restau`, `id_com`) VALUES
(1, '2024-05-27', 1000, 4, 13),
(2, '2024-05-27', 4500, 4, 13),
(3, '2024-05-27', 2000, 4, 10),
(4, '2024-05-27', 2500, 4, 9),
(5, '2024-05-28', 500, 1, 17);

-- --------------------------------------------------------

--
-- Structure de la table `menu`
--

DROP TABLE IF EXISTS `menu`;
CREATE TABLE IF NOT EXISTS `menu` (
  `id_menu` int NOT NULL AUTO_INCREMENT,
  `id_restau` int DEFAULT NULL,
  PRIMARY KEY (`id_menu`),
  KEY `id_restau` (`id_restau`)
) ENGINE=MyISAM DEFAULT CHARSET=utf8mb4 COLLATE=utf8mb4_0900_ai_ci;

-- --------------------------------------------------------

--
-- Structure de la table `notification`
--

DROP TABLE IF EXISTS `notification`;
CREATE TABLE IF NOT EXISTS `notification` (
  `id_notif` int NOT NULL AUTO_INCREMENT,
  `objet` varchar(300) NOT NULL,
  PRIMARY KEY (`id_notif`)
) ENGINE=MyISAM AUTO_INCREMENT=44 DEFAULT CHARSET=utf8mb4 COLLATE=utf8mb4_0900_ai_ci;

--
-- Déchargement des données de la table `notification`
--

INSERT INTO `notification` (`id_notif`, `objet`) VALUES
(17, 'bonjoutrrrrrrrvcoba;'),
(16, 'uhkjbjhbjlhb.vlu'),
(15, 'bonjoutrrrrrrrvcobafddfabjkdfnb;ia'),
(14, 'bonjoutrrrrrrrvcoba;'),
(10, 'uhkjbjhbjlhb.vlu'),
(11, 'c'),
(12, 'bonjoutrrrrrrrvcoba;'),
(13, 'bonjoutrrrrrrrvcoba;'),
(18, 'utyierumnbgls'),
(19, '.,m;lkpo'),
(20, 'bonjour vous nouvelle variete de menu'),
(21, 'uhkjbjhbjlhb.vlu'),
(22, 'uhkjbjhbjlhb.vlu'),
(23, 'bonnjour jmb;abni'),
(24, 'bonjour'),
(25, 'nm,n.'),
(26, 'bonjour bonjour '),
(27, 'bonjoutrrrrrrrvcoba;'),
(28, 'bonjour votre commande sera dispomible demain soir '),
(29, 'bonjour etbienvenue sur la page du site'),
(30, 'bonjour etbienvenue sur la page du site'),
(31, 'm m'),
(32, 'bonjour'),
(33, 'm m'),
(34, ',m.l'),
(35, 'bonjour'),
(36, 'bonjour etbienvenue sur la page du site'),
(37, 'bonjour'),
(38, 'bonjour'),
(39, 'votre livraison sera livree a 12h'),
(40, 'bonjour'),
(41, 'votre commande sera livree dans 2h de temps '),
(42, 'BONJOUR A VOUS '),
(43, 'bonjour comment tu vas');

-- --------------------------------------------------------

--
-- Structure de la table `plat`
--

DROP TABLE IF EXISTS `plat`;
CREATE TABLE IF NOT EXISTS `plat` (
  `id_plat` int NOT NULL AUTO_INCREMENT,
  `url_photo` varchar(80) NOT NULL,
  `libelle` varchar(100) NOT NULL,
  `pu` int NOT NULL,
  `id_restau` int DEFAULT NULL,
  `date_post` date NOT NULL,
  `deleted` int NOT NULL DEFAULT '0',
  PRIMARY KEY (`id_plat`),
  KEY `id_restau` (`id_restau`)
) ENGINE=MyISAM AUTO_INCREMENT=10130 DEFAULT CHARSET=utf8mb4 COLLATE=utf8mb4_0900_ai_ci;

--
-- Déchargement des données de la table `plat`
--

INSERT INTO `plat` (`id_plat`, `url_photo`, `libelle`, `pu`, `id_restau`, `date_post`, `deleted`) VALUES
(65, 'ndole.jpeg', 'Ndole', 3000, 1, '2024-05-08', 1),
(64, 'sandiwdch.jpg', 'Sandwich', 1500, 1, '2024-05-08', 1),
(63, 'okok.jpg', 'oko', 5000, 4, '2024-05-08', 1),
(62, 'eru.jpeg', 'Eru', 4500, 4, '2024-05-08', 1),
(61, 'PilePomme.jpg', 'Pile Pomme', 2500, 1, '2024-05-08', 1),
(60, 'Riz sauceTomate2.jpg', 'Riz sauce tomate ', 3500, 1, '2024-05-08', 1),
(59, 'lat-de-spaghetti-png-plat-de-pates-11562909921megwdven99.png', 'saute', 3000, 5, '2024-05-08', 1),
(66, 'eru.jpeg', 'puree', 34234, 1, '2024-05-08', 1),
(67, 'ndole.jpeg', 'Sandwich', 2000, 5, '2024-05-08', 1),
(68, 'Riz sauceTomate2.jpg', 'Sandwich', 7000, 0, '2024-05-08', 0),
(69, 'ndole.jpeg', 'food', 324, 0, '2024-05-08', 0),
(70, 'IMG-20230912-WA0047.jpg', 'NHGJYY', 757657, 1, '2024-05-08', 1),
(71, 'PouletDj.jpg', 'poulet', 4000, 4, '2024-05-08', 1),
(72, 'PouletDj.jpg', 'Poulet Dg', 3500, 1, '2024-05-09', 1),
(73, 'PilePomme.jpg', 'Pile Pomme', 2500, 5, '2024-05-09', 1),
(74, 'puree.jpg', 'avocat', 3000, 4, '2024-05-09', 1),
(75, 'BackAcceuiil.PNG', 'pomme poulet ', 5000, 4, '2024-05-09', 1),
(76, 'lat-de-spaghetti-png-plat-de-pates-11562909921megwdven99.png', 'Riz saute', 3500, 5, '2024-05-09', 1),
(77, 'PouletDj.jpg', 'Poulet Dg', 5000, 1, '2024-05-10', 1),
(78, 'ndole.jpeg', 'Sandwich', 2000, 4, '2024-05-10', 1),
(79, 'ndole.jpeg', 'm,n,m', 43, 6, '2024-05-10', 0),
(80, 'lat-de-spaghetti-png-plat-de-pates-11562909921megwdven99.png', 'ncvmnblkj', 2500, 1, '2024-05-13', 1),
(81, 'eru.jpeg', 'Eru', 3500, 4, '2024-05-13', 1),
(82, 'sandiwdch.jpg', 'Sandwich', 2500, 1, '2024-05-13', 1),
(83, 'fisrtBack.PNG', 'Pile Pomme', 23423, 1, '2024-05-13', 1),
(84, 'eru.jpeg', 'vfdbdf', 3252, 1, '2024-05-13', 1),
(85, 'eru.jpeg', 'dfgaadfg', 12412, 4, '2024-05-13', 1),
(86, 'Riz sauceTomate2.jpg', 'dfgaadfg', 900, 4, '2024-05-13', 1),
(87, 'sandiwdch.jpg', 'Pile Pomme', 4500, 4, '2024-05-13', 1),
(88, 'fisrtBack.PNG', 'Poulet Dg', 7823, 4, '2024-05-13', 1),
(89, 'PouletDj.jpg', 'Poulet Dg', 4000, 1, '2024-05-13', 1),
(90, 'PouletDj.jpg', 'Poulet Dg', 4000, 5, '2024-05-13', 1),
(91, 'PilePomme.jpg', 'Pile Pomme', 2400, 5, '2024-05-14', 1),
(92, 'Frite avec Poulet.jpg', 'pomme saute ', 5000, 1, '2024-05-14', 1),
(93, 'PouletDj.jpg', 'Poulet Dg', 5000, 1, '2024-05-14', 1),
(94, 'PilePomme.jpg', 'Pile Pomme', 1234, 4, '2024-05-14', 1),
(95, 'PilePomme.jpg', 'Pile Pomme', 3000, 4, '2024-05-14', 1),
(96, 'Riz sauceTomate.jpg', 'Eru', 2500, 1, '2024-05-14', 1),
(97, 'ndole.jpeg', 'Ndole', 3000, 5, '2024-05-14', 1),
(98, 'PilePomme.jpg', 'Pile Pomme', 2500, 1, '2024-05-15', 1),
(99, 'Riz sauceTomate2.jpg', 'rize sauce tomate', 5000, 4, '2024-05-15', 1),
(100, 'BackAcceuiil.PNG', 'pomme sauté', 4000, 1, '2024-05-15', 1),
(101, 'Riz sauceTomate2.jpg', 'RIZ SAUTE ', 4500, 1, '2024-05-15', 1),
(102, 'Riz sauceTomate2.jpg', 'Pile Pomme', 1234, 1, '2024-05-16', 1),
(103, 'PouletDj.jpg', 'Pomme', 4000, 5, '2024-05-16', 1),
(104, 'Riz sauceTomate2.jpg', 'Pile Pomme', 233, 5, '2024-05-16', 0),
(105, 'eru.jpeg', 'Eru', 4500, 5, '2024-05-16', 1),
(106, 'Frite avec Poulet.jpg', 'Riz sauce ', 5000, 5, '2024-05-16', 0),
(107, 'PouletDj.jpg', 'Poulet Dg', 3000, 4, '2024-05-17', 0),
(108, 'ndole.jpeg', 'ndole', 5500, 4, '2024-05-17', 0),
(10129, 'Riz sauceTomate2.jpg', 'Riz sauce tomate ', 5000, 1, '2024-05-28', 0),
(10128, '', 'Pile pomme', 0, 1, '2024-05-28', 1),
(10127, 'okok.jpg', 'Okok sucré', 6500, 1, '2024-05-28', 0),
(10126, 'sandiwdch.jpg', 'Sandwich', 2000, 1, '2024-05-28', 1),
(10125, 'lat-de-spaghetti-png-plat-de-pates-11562909921megwdven99.png', 'spaghetti', 3500, 4, '2024-05-27', 0),
(10124, 'PilePomme.jpg', 'Pile Pomme', 3000, 4, '2024-05-27', 0),
(10123, 'ndole.jpeg', 'Ndole plantain Mur', 3400, 351, '2024-05-27', 0),
(10122, 'PoissonBraise.jpg', 'poisson braise', 2500, 351, '2024-05-27', 0),
(10121, 'eru.jpeg', 'Eru', 4000, 1, '2024-05-27', 1),
(10120, 'eru.jpeg', 'Eru', 5000, 5, '2024-05-27', 0);

-- --------------------------------------------------------

--
-- Structure de la table `restaurant`
--

DROP TABLE IF EXISTS `restaurant`;
CREATE TABLE IF NOT EXISTS `restaurant` (
  `id_restau` int NOT NULL AUTO_INCREMENT,
  `email` varchar(30) NOT NULL,
  `nom` varchar(40) NOT NULL,
  `mot_de_passe` varchar(20) NOT NULL,
  `ville` varchar(50) DEFAULT NULL,
  `type` varchar(20) NOT NULL,
  `pays` varchar(20) NOT NULL,
  `telephone` int NOT NULL,
  `date_creation` date NOT NULL,
  `url` varchar(100) NOT NULL,
  `longitude` float NOT NULL DEFAULT '0',
  `latitude` float NOT NULL DEFAULT '0',
  PRIMARY KEY (`id_restau`)
) ENGINE=MyISAM AUTO_INCREMENT=355 DEFAULT CHARSET=utf8mb4 COLLATE=utf8mb4_0900_ai_ci;

--
-- Déchargement des données de la table `restaurant`
--

INSERT INTO `restaurant` (`id_restau`, `email`, `nom`, `mot_de_passe`, `ville`, `type`, `pays`, `telephone`, `date_creation`, `url`, `longitude`, `latitude`) VALUES
(1, 'icecrame@gmail.com', 'ice crame', '123', 'BAFOUSSAM', 'RESTAURANT', 'CAMEROUN', 699435677, '2020-03-05', 'ndole.jpeg', 10.1, 5.3),
(6, 'food@gmail', 'food', '1232', 'Bamenda', 'doul', 'restaurant', 691231066, '2024-05-10', 'ndole.jpeg', 0, 0),
(4, 'lapaix@gmail.com', 'LA PAIX', '34526738554', 'DOUALA', 'YAOUNDE', 'restaurant', 691231066, '2024-05-06', 'Riz sauceTomate2.jpg', 0, 0),
(5, 'foodAll@gamil.com', 'foodAll', '691231066', 'DOUALA', 'TORONTO', 'restaurant', 691231066, '2024-05-07', 'sandiwdch.jpg', 0, 0),
(7, 'shanahan.hellen@yahoo.com', 'Tremblay', 'qPug4Q$~g%gx9JqQa', 'Schimmelburgh', 'RESTAURANT', 'Isle of Man', 64604689, '1994-04-21', 'https://lorempixel.com/640/480/?23823', 0, 0),
(8, 'jbalistreri@gmail.com', 'Reichert', '62', 'Port Litzyshire', 'RESTAURANT', 'Ukraine', 428, '1971-08-26', 'https://lorempixel.com/640/480/?70911', 0, 0),
(9, 'roslyn.wunsch@lueilwitz.com', 'Gleason', '68', 'Marisoltown', 'RESTAURANT', 'Puerto Rico', 9587586, '1980-05-22', 'https://lorempixel.com/640/480/?25402', 396.3, 59.2),
(354, 'dodoFood@gmail.com', 'DodoFood', '697734996', '12345', 'DSCHANG', 'restaurant', 0, '2024-05-27', 'dodo foods logo White_121754.png', 0, 0),
(351, 'konopelski.alden@gmail.com', 'Moore', '59', 'Stromanview', 'RESTAURANT', 'Lesotho', 712681263, '1996-11-13', 'https://lorempixel.com/640/480/?50892', 13.46, 45.87),
(352, 'pernser@hotmail.com', 'Considine', '80', 'Lake Fidelland', 'RESTAURANT', 'Saint Lucia', 6341696, '1971-05-07', 'https://lorempixel.com/640/480/?45626', 45.18, 9.87),
(353, 'dcruickshank@hotmail.com', 'Bogan', '62', 'Turnerport', 'RESTAURANT', 'Mauritania', 33848251, '2009-04-17', 'https://lorempixel.com/640/480/?49184', 13.15, 60.42);
COMMIT;

/*!40101 SET CHARACTER_SET_CLIENT=@OLD_CHARACTER_SET_CLIENT */;
/*!40101 SET CHARACTER_SET_RESULTS=@OLD_CHARACTER_SET_RESULTS */;
/*!40101 SET COLLATION_CONNECTION=@OLD_COLLATION_CONNECTION */;
